KMeans,Hierarchical,DBSCAN,GMM,IsolationForest,LOF,OneClassSVM,time_temperature_measurement2,count
0,0,-1,0,1,-1,-1,5:40:00,1
0,0,71,0,1,-1,-1,0:56:00,6
0,0,153,0,-1,-1,-1,5:40:00,2
0,0,153,0,1,-1,-1,5:40:00,3
0,1,-1,0,-1,-1,-1,13:25:00,3
0,1,-1,0,-1,-1,-1,1:05:00,1
0,1,-1,0,-1,-1,1,3:55:00,1
0,1,-1,0,-1,1,1,1:45:00,1
0,1,-1,0,-1,1,1,4:10:00,1
0,1,-1,0,1,-1,1,3:05:00,3
0,1,-1,0,1,-1,1,11:35:00,3
0,1,-1,0,1,-1,1,12:40:00,3
0,1,-1,0,1,-1,1,3:55:00,2
0,1,-1,0,1,-1,1,7:10:00,1
0,1,-1,0,1,-1,1,2:40:00,1
0,1,-1,0,1,1,1,14:05:00,3
0,1,-1,0,1,1,1,0:15:00,1
0,1,-1,0,1,1,1,23:18:00,1
0,1,-1,0,1,1,1,3:30:00,1
0,1,-1,0,1,1,1,20:19:00,1
0,1,-1,0,1,1,1,21:04:00,1
0,1,0,0,-1,1,-1,2:46:00,2
0,1,0,0,-1,1,1,2:11:00,8
0,1,0,0,-1,1,1,22:27:00,6
0,1,0,0,-1,1,1,15:40:00,4
0,1,0,0,-1,1,1,4:15:00,3
0,1,0,0,-1,1,1,3:40:00,3
0,1,0,0,-1,1,1,22:33:00,2
0,1,0,0,-1,1,1,7:46:00,2
0,1,0,0,-1,1,1,4:06:00,2
0,1,0,0,-1,1,1,6:20:00,1
0,1,0,0,-1,1,1,1:07:00,1
0,1,0,0,-1,1,1,8:27:00,1
0,1,0,0,-1,1,1,5:34:00,1
0,1,0,0,-1,1,1,18:02:00,1
0,1,0,0,-1,1,1,23:48:00,1
0,1,0,0,-1,1,1,23:02:00,1
0,1,0,0,-1,1,1,4:59:00,1
0,1,0,0,-1,1,1,0:31:00,1
0,1,0,0,-1,1,1,7:08:00,1
0,1,0,0,-1,1,1,6:25:00,1
0,1,0,0,-1,1,1,1:16:00,1
0,1,0,0,-1,1,1,5:13:00,1
0,1,0,0,-1,1,1,18:16:00,1
0,1,0,0,1,-1,1,4:55:00,4
0,1,0,0,1,1,-1,2:46:00,1
0,1,0,0,1,1,1,19:40:00,26
0,1,0,0,1,1,1,6:25:00,25
0,1,0,0,1,1,1,18:55:00,25
0,1,0,0,1,1,1,7:58:00,23
0,1,0,0,1,1,1,20:25:00,20
0,1,0,0,1,1,1,22:40:00,20
0,1,0,0,1,1,1,21:55:00,20
0,1,0,0,1,1,1,21:10:00,20
0,1,0,0,1,1,1,17:26:00,20
0,1,0,0,1,1,1,4:51:00,20
0,1,0,0,1,1,1,8:43:00,19
0,1,0,0,1,1,1,17:50:00,19
0,1,0,0,1,1,1,17:07:00,19
0,1,0,0,1,1,1,15:40:00,17
0,1,0,0,1,1,1,0:07:00,15
0,1,0,0,1,1,1,19:27:00,13
0,1,0,0,1,1,1,3:19:00,13
0,1,0,0,1,1,1,0:11:00,13
0,1,0,0,1,1,1,5:38:00,13
0,1,0,0,1,1,1,12:36:00,13
0,1,0,0,1,1,1,13:21:00,13
0,1,0,0,1,1,1,2:31:00,13
0,1,0,0,1,1,1,1:44:00,13
0,1,0,0,1,1,1,11:49:00,13
0,1,0,0,1,1,1,11:04:00,13
0,1,0,0,1,1,1,4:04:00,13
0,1,0,0,1,1,1,7:12:00,13
0,1,0,0,1,1,1,18:49:00,13
0,1,0,0,1,1,1,17:16:00,13
0,1,0,0,1,1,1,14:53:00,13
0,1,0,0,1,1,1,14:08:00,13
0,1,0,0,1,1,1,19:20:00,13
0,1,0,0,1,1,1,18:35:00,13
0,1,0,0,1,1,1,20:05:00,13
0,1,0,0,1,1,1,16:25:00,13
0,1,0,0,1,1,1,21:33:00,13
0,1,0,0,1,1,1,20:50:00,13
0,1,0,0,1,1,1,22:17:00,13
0,1,0,0,1,1,1,1:25:00,13
0,1,0,0,1,1,1,5:55:00,13
0,1,0,0,1,1,1,0:41:00,13
0,1,0,0,1,1,1,4:30:00,13
0,1,0,0,1,1,1,14:26:00,13
0,1,0,0,1,1,1,13:41:00,13
0,1,0,0,1,1,1,15:12:00,13
0,1,0,0,1,1,1,12:54:00,13
0,1,0,0,1,1,1,12:07:00,13
0,1,0,0,1,1,1,1:32:00,13
0,1,0,0,1,1,1,15:57:00,13
0,1,0,0,1,1,1,0:48:00,13
0,1,0,0,1,1,1,18:11:00,13
0,1,0,0,1,1,1,2:18:00,13
0,1,0,0,1,1,1,16:42:00,13
0,1,0,0,1,1,1,13:15:00,12
0,1,0,0,1,1,1,19:38:00,12
0,1,0,0,1,1,1,21:09:00,12
0,1,0,0,1,1,1,20:23:00,12
0,1,0,0,1,1,1,23:27:00,12
0,1,0,0,1,1,1,21:53:00,12
0,1,0,0,1,1,1,18:08:00,12
0,1,0,0,1,1,1,22:41:00,12
0,1,0,0,1,1,1,18:02:00,12
0,1,0,0,1,1,1,23:48:00,12
0,1,0,0,1,1,1,23:02:00,12
0,1,0,0,1,1,1,5:13:00,12
0,1,0,0,1,1,1,20:38:00,11
0,1,0,0,1,1,1,19:06:00,11
0,1,0,0,1,1,1,22:07:00,11
0,1,0,0,1,1,1,22:49:00,11
0,1,0,0,1,1,1,23:38:00,11
0,1,0,0,1,1,1,19:54:00,11
0,1,0,0,1,1,1,3:40:00,10
0,1,0,0,1,1,1,7:05:00,10
0,1,0,0,1,1,1,18:00:00,9
0,1,0,0,1,1,1,17:15:00,9
0,1,0,0,1,1,1,16:30:00,9
0,1,0,0,1,1,1,20:15:00,9
0,1,0,0,1,1,1,3:10:00,9
0,1,0,0,1,1,1,2:25:00,9
0,1,0,0,1,1,1,0:52:00,9
0,1,0,0,1,1,1,1:53:00,7
0,1,0,0,1,1,1,12:55:00,7
0,1,0,0,1,1,1,14:25:00,7
0,1,0,0,1,1,1,18:10:00,7
0,1,0,0,1,1,1,18:56:00,7
0,1,0,0,1,1,1,15:56:00,7
0,1,0,0,1,1,1,11:26:00,7
0,1,0,0,1,1,1,3:22:00,7
0,1,0,0,1,1,1,13:39:00,7
0,1,0,0,1,1,1,15:09:00,7
0,1,0,0,1,1,1,12:10:00,7
0,1,0,0,1,1,1,7:03:00,7
0,1,0,0,1,1,1,16:40:00,7
0,1,0,0,1,1,1,2:38:00,7
0,1,0,0,1,1,1,10:41:00,7
0,1,0,0,1,1,1,9:56:00,7
0,1,0,0,1,1,1,9:13:00,7
0,1,0,0,1,1,1,0:21:00,7
0,1,0,0,1,1,1,5:42:00,7
0,1,0,0,1,1,1,3:32:00,7
0,1,0,0,1,1,1,14:50:00,7
0,1,0,0,1,1,1,20:55:00,7
0,1,0,0,1,1,1,21:41:00,7
0,1,0,0,1,1,1,23:10:00,7
0,1,0,0,1,1,1,23:55:00,7
0,1,0,0,1,1,1,2:00:00,7
0,1,0,0,1,1,1,16:20:00,6
0,1,0,0,1,1,1,21:48:00,6
0,1,0,0,1,1,1,8:00:00,6
0,1,0,0,1,1,1,14:52:00,6
0,1,0,0,1,1,1,14:05:00,6
0,1,0,0,1,1,1,12:30:00,6
0,1,0,0,1,1,1,0:03:00,6
0,1,0,0,1,1,1,11:45:00,6
0,1,0,0,1,1,1,10:15:00,6
0,1,0,0,1,1,1,11:00:00,6
0,1,0,0,1,1,1,9:30:00,6
0,1,0,0,1,1,1,8:27:00,6
0,1,0,0,1,1,1,5:34:00,6
0,1,0,0,1,1,1,6:20:00,6
0,1,0,0,1,1,1,1:07:00,6
0,1,0,0,1,1,1,4:59:00,6
0,1,0,0,1,1,1,7:08:00,6
0,1,0,0,1,1,1,0:31:00,6
0,1,0,0,1,1,1,1:16:00,6
0,1,0,0,1,1,1,9:43:00,6
0,1,0,0,1,1,1,8:15:00,6
0,1,0,0,1,1,1,10:23:00,6
0,1,0,0,1,1,1,17:33:00,6
0,1,0,0,1,1,1,7:30:00,6
0,1,0,0,1,1,1,9:00:00,6
0,1,0,0,1,1,1,14:43:00,6
0,1,0,0,1,1,1,11:50:00,6
0,1,0,0,1,1,1,13:58:00,6
0,1,0,0,1,1,1,16:50:00,6
0,1,0,0,1,1,1,4:06:00,5
0,1,0,0,1,1,1,7:46:00,5
0,1,0,0,1,1,1,2:11:00,5
0,1,0,0,1,1,1,18:16:00,5
0,1,0,0,1,1,1,22:33:00,4
0,1,0,0,1,1,1,2:46:00,4
0,1,0,0,1,1,1,4:15:00,4
0,1,0,0,1,1,1,21:47:00,2
0,1,0,0,1,1,1,22:34:00,2
0,1,0,0,1,1,1,23:20:00,2
0,1,0,0,1,1,1,19:30:00,2
0,1,0,0,1,1,1,21:00:00,2
0,1,0,0,1,1,1,14:55:00,2
0,1,0,0,1,1,1,18:45:00,2
0,1,0,0,1,1,1,4:55:00,2
0,1,0,0,1,1,1,22:27:00,1
0,1,1,0,1,1,1,15:40:00,1
0,1,1,0,1,1,1,19:30:00,1
0,1,1,0,1,1,1,21:00:00,1
0,1,1,0,1,1,1,14:55:00,1
0,1,1,0,1,1,1,20:15:00,1
0,1,1,0,1,1,1,21:47:00,1
0,1,1,0,1,1,1,16:30:00,1
0,1,1,0,1,1,1,17:15:00,1
0,1,1,0,1,1,1,18:00:00,1
0,1,1,0,1,1,1,18:45:00,1
0,1,1,0,1,1,1,22:34:00,1
0,1,1,0,1,1,1,23:20:00,1
0,1,1,0,1,1,1,0:07:00,1
0,1,151,0,1,-1,1,20:19:00,4
0,1,151,0,1,1,1,20:19:00,1
0,1,152,0,1,-1,1,7:10:00,5
0,1,154,0,-1,1,1,1:45:00,5
0,1,155,0,-1,-1,-1,1:05:00,2
0,1,155,0,-1,-1,1,1:05:00,3
0,1,156,0,1,1,1,0:15:00,5
0,1,157,0,1,-1,1,23:18:00,1
0,1,157,0,1,1,1,23:18:00,4
0,1,158,0,-1,-1,1,21:04:00,1
0,1,158,0,1,-1,1,21:04:00,3
0,1,158,0,1,1,1,21:04:00,1
0,1,159,0,-1,1,1,4:10:00,3
0,1,159,0,1,1,1,4:10:00,2
0,1,160,0,1,-1,1,2:40:00,3
0,1,160,0,1,1,1,2:40:00,2
0,1,161,0,1,1,1,3:30:00,5
0,1,222,0,-1,-1,1,18:15:00,4
0,1,222,0,1,-1,1,18:15:00,7
0,1,225,0,-1,-1,1,21:22:00,7
0,1,225,0,1,-1,1,21:22:00,4
0,1,226,0,1,-1,-1,23:25:00,5
0,1,226,0,1,-1,1,23:25:00,2
0,1,241,0,-1,1,1,17:15:00,12
0,1,247,0,1,1,1,0:56:00,13
0,1,248,0,1,-1,1,19:39:00,1
0,1,248,0,1,1,-1,19:39:00,1
0,1,248,0,1,1,1,19:39:00,11
0,1,250,0,-1,1,-1,10:19:00,1
0,1,250,0,1,1,-1,10:19:00,12
0,1,251,0,1,1,-1,9:32:00,9
0,1,251,0,1,1,1,9:32:00,4
0,1,252,0,-1,1,1,16:29:00,1
0,1,252,0,1,1,1,16:29:00,12
0,1,265,0,-1,1,-1,15:25:00,1
0,1,265,0,1,1,1,15:25:00,12
0,1,267,0,1,1,1,9:20:00,7
0,1,267,0,1,1,1,13:34:00,7
0,1,267,0,1,1,1,12:09:00,7
0,1,267,0,1,1,1,10:46:00,7
0,1,267,0,1,1,1,14:17:00,7
0,1,267,0,1,1,1,12:51:00,7
0,1,268,0,-1,1,-1,11:28:00,7
0,1,269,0,-1,1,-1,10:01:00,2
0,1,269,0,1,1,-1,10:01:00,3
0,1,269,0,1,1,1,10:01:00,2
0,1,270,0,-1,1,-1,18:44:00,3
0,1,270,0,1,1,-1,18:44:00,2
0,1,270,0,1,1,1,18:44:00,2
0,1,271,0,-1,1,-1,8:36:00,6
0,1,271,0,1,1,-1,8:36:00,1
0,1,272,0,1,1,1,7:52:00,7
0,1,273,0,-1,1,1,15:46:00,1
0,1,273,0,1,1,1,15:46:00,6
0,1,274,0,-1,1,-1,6:37:00,6
0,1,274,0,-1,1,1,6:37:00,7
0,1,276,0,-1,1,1,3:00:00,13
0,1,310,0,1,1,1,23:25:00,13
0,1,311,0,1,1,1,11:22:00,13
0,1,312,0,-1,-1,-1,3:03:00,2
0,1,312,0,-1,-1,1,3:03:00,11
0,1,313,0,-1,1,-1,6:06:00,12
0,1,313,0,-1,1,1,6:06:00,1
0,1,314,0,1,1,-1,10:31:00,9
0,1,314,0,1,1,1,10:31:00,4
0,1,315,0,1,1,1,9:38:00,10
0,1,316,0,1,1,1,8:49:00,10
0,1,348,0,1,1,1,23:56:00,9
0,1,348,0,1,1,1,23:00:00,9
0,1,348,0,1,1,1,3:08:00,6
0,1,348,0,1,1,1,4:37:00,6
0,1,348,0,1,1,1,3:53:00,6
0,1,348,0,1,1,1,2:22:00,6
0,1,348,0,1,1,1,5:19:00,6
0,1,348,0,1,1,1,1:34:00,6
0,1,348,0,1,1,1,6:04:00,6
0,1,348,0,1,1,1,0:46:00,6
0,1,348,0,1,1,1,6:46:00,6
0,1,349,0,1,-1,1,22:05:00,9
0,1,353,0,1,-1,1,3:55:00,5
0,1,353,0,1,1,1,3:55:00,4
0,1,355,0,1,-1,1,1:40:00,5
0,1,355,0,1,1,1,1:40:00,4
0,1,526,0,1,-1,-1,14:52:00,7
0,1,556,0,-1,1,1,21:10:00,5
0,1,556,0,-1,1,1,20:25:00,2
0,1,556,0,1,1,1,20:25:00,4
0,1,556,0,1,1,1,21:10:00,1
0,1,557,0,-1,1,-1,21:55:00,6
0,1,558,0,-1,1,-1,23:30:00,5
0,1,558,0,1,1,-1,23:30:00,1
0,1,559,0,-1,1,1,18:55:00,1
0,1,559,0,1,1,1,18:55:00,5
0,1,560,0,1,-1,1,12:34:00,6
0,1,561,0,-1,1,1,11:06:00,1
0,1,561,0,1,1,1,11:06:00,5
0,1,562,0,-1,1,1,22:45:00,6
0,1,563,0,1,-1,1,19:40:00,6
0,1,564,0,1,-1,1,16:07:00,2
0,1,564,0,1,1,1,16:07:00,4
0,1,565,0,1,1,1,15:30:00,6
1,0,-1,1,1,-1,-1,21:07:00,6
1,0,-1,1,1,-1,-1,12:20:00,3
1,0,-1,1,1,-1,-1,4:21:00,1
1,0,-1,1,1,-1,-1,3:38:00,1
1,0,-1,1,1,-1,-1,17:08:00,1
1,0,-1,1,1,-1,-1,2:50:00,1
1,0,-1,1,1,-1,-1,22:00:00,1
1,0,-1,1,1,-1,-1,13:25:00,1
1,0,-1,1,1,-1,-1,6:50:00,1
1,0,-1,1,1,-1,1,15:44:00,4
1,0,-1,1,1,-1,1,10:35:00,4
1,0,-1,1,1,-1,1,16:45:00,4
1,0,-1,1,1,-1,1,10:43:00,3
1,0,-1,1,1,-1,1,9:04:00,2
1,0,-1,1,1,-1,1,18:32:00,1
1,0,-1,1,1,-1,1,10:03:00,1
1,0,-1,1,1,-1,1,1:00:00,1
1,0,-1,1,1,-1,1,21:41:00,1
1,0,-1,1,1,1,-1,21:30:00,4
1,0,-1,1,1,1,-1,17:15:00,1
1,0,-1,1,1,1,-1,15:40:00,1
1,0,-1,1,1,1,1,19:47:00,7
1,0,-1,1,1,1,1,17:26:00,6
1,0,-1,1,1,1,1,10:53:00,6
1,0,-1,1,1,1,1,9:24:00,6
1,0,-1,1,1,1,1,20:22:00,6
1,0,-1,1,1,1,1,19:39:00,6
1,0,-1,1,1,1,1,0:01:00,6
1,0,-1,1,1,1,1,10:30:00,6
1,0,-1,1,1,1,1,8:30:00,6
1,0,-1,1,1,1,1,13:46:00,6
1,0,-1,1,1,1,1,15:15:00,6
1,0,-1,1,1,1,1,16:30:00,5
1,0,-1,1,1,1,1,23:18:00,5
1,0,-1,1,1,1,1,12:30:00,5
1,0,-1,1,1,1,1,17:14:00,4
1,0,-1,1,1,1,1,3:50:00,4
1,0,-1,1,1,1,1,5:49:00,4
1,0,-1,1,1,1,1,7:09:00,4
1,0,-1,1,1,1,1,21:10:00,4
1,0,-1,1,1,1,1,18:15:00,4
1,0,-1,1,1,1,1,6:30:00,4
1,0,-1,1,1,1,1,3:55:00,4
1,0,-1,1,1,1,1,5:25:00,4
1,0,-1,1,1,1,1,3:15:00,4
1,0,-1,1,1,1,1,7:30:00,4
1,0,-1,1,1,1,1,13:40:00,4
1,0,-1,1,1,1,1,18:07:00,4
1,0,-1,1,1,1,1,17:29:00,4
1,0,-1,1,1,1,1,19:05:00,4
1,0,-1,1,1,1,1,3:06:00,4
1,0,-1,1,1,1,1,20:34:00,4
1,0,-1,1,1,1,1,23:02:00,4
1,0,-1,1,1,1,1,23:46:00,4
1,0,-1,1,1,1,1,2:03:00,4
1,0,-1,1,1,1,1,22:32:00,3
1,0,-1,1,1,1,1,15:40:00,3
1,0,-1,1,1,1,1,8:15:00,3
1,0,-1,1,1,1,1,11:37:00,3
1,0,-1,1,1,1,1,7:26:00,3
1,0,-1,1,1,1,1,20:16:00,2
1,0,-1,1,1,1,1,15:44:00,1
1,0,-1,1,1,1,1,2:11:00,1
1,0,-1,1,1,1,1,21:25:00,1
1,0,-1,1,1,1,1,7:14:00,1
1,0,-1,1,1,1,1,2:55:00,1
1,0,-1,1,1,1,1,16:25:00,1
1,0,-1,1,1,1,1,15:42:00,1
1,0,-1,1,1,1,1,14:19:00,1
1,0,-1,1,1,1,1,13:37:00,1
1,0,-1,1,1,1,1,12:09:00,1
1,0,-1,1,1,1,1,0:44:00,1
1,0,-1,1,1,1,1,6:49:00,1
1,0,-1,1,1,1,1,23:15:00,1
1,0,-1,1,1,1,1,19:55:00,1
1,0,-1,1,1,1,1,18:37:00,1
1,0,-1,1,1,1,1,6:07:00,1
1,0,-1,1,1,1,1,15:14:00,1
1,0,-1,1,1,1,1,14:32:00,1
1,0,-1,1,1,1,1,6:15:00,1
1,0,-1,1,1,1,1,1:40:00,1
1,0,-1,1,1,1,1,18:03:00,1
1,0,-1,1,1,1,1,12:00:00,1
1,0,-1,1,1,1,1,0:00:00,1
1,0,-1,1,1,1,1,8:55:00,1
1,0,-1,1,1,1,1,19:00:00,1
1,0,-1,1,1,1,1,22:34:00,1
1,0,-1,1,1,1,1,4:57:00,1
1,0,-1,2,-1,-1,-1,17:55:00,4
1,0,-1,2,-1,-1,-1,0:10:00,3
1,0,-1,2,-1,-1,-1,7:40:00,2
1,0,-1,2,-1,-1,-1,6:43:00,2
1,0,-1,2,1,-1,-1,16:57:00,3
1,0,-1,2,1,-1,-1,16:19:00,2
1,0,-1,2,1,-1,-1,23:15:00,2
1,0,-1,2,1,-1,-1,7:45:00,2
1,0,-1,2,1,-1,-1,19:00:00,1
1,0,-1,2,1,-1,-1,16:03:00,1
1,0,-1,2,1,-1,1,18:25:00,4
1,0,-1,2,1,-1,1,4:30:59,4
1,0,-1,2,1,-1,1,23:15:00,3
1,0,-1,2,1,-1,1,19:00:00,2
1,0,-1,2,1,-1,1,2:00:00,2
1,0,-1,2,1,-1,1,7:30:00,1
1,0,-1,2,1,-1,1,12:30:00,1
1,0,-1,2,1,-1,1,14:48:00,1
1,0,-1,2,1,1,-1,11:50:00,5
1,0,-1,2,1,1,-1,9:00:00,3
1,0,-1,2,1,1,-1,7:45:00,2
1,0,-1,2,1,1,-1,8:11:00,1
1,0,-1,2,1,1,1,1:34:00,6
1,0,-1,2,1,1,1,0:00:01,4
1,0,-1,2,1,1,1,19:45:00,4
1,0,-1,2,1,1,1,21:49:00,4
1,0,-1,2,1,1,1,9:04:00,4
1,0,-1,2,1,1,1,7:15:00,3
1,0,-1,2,1,1,1,16:50:00,3
1,0,-1,2,1,1,1,1:05:00,3
1,0,-1,2,1,1,1,8:11:00,3
1,0,-1,2,1,1,1,6:32:00,2
1,0,-1,2,1,1,1,2:00:00,1
1,0,-1,2,1,1,1,11:50:00,1
1,0,-1,2,1,1,1,14:00:00,1
1,0,-1,2,1,1,1,19:10:00,1
1,0,-1,2,1,1,1,19:49:00,1
1,0,-1,2,1,1,1,4:35:00,1
1,0,2,1,1,1,1,1:27:00,9
1,0,3,1,1,1,-1,2:03:00,1
1,0,3,1,1,1,1,2:03:00,8
1,0,4,1,1,1,1,0:50:00,9
1,0,5,1,1,1,1,0:13:00,9
1,0,5,1,1,1,1,20:36:00,9
1,0,6,1,1,1,1,9:48:00,6
1,0,7,1,1,1,1,10:30:00,6
1,0,7,1,1,1,1,9:03:00,6
1,0,8,1,1,1,1,21:00:00,7
1,0,8,1,1,1,1,8:19:00,6
1,0,8,1,1,1,1,7:35:00,6
1,0,8,1,1,1,1,4:35:00,6
1,0,8,1,1,1,1,3:03:00,6
1,0,9,1,1,1,1,3:55:00,7
1,0,9,1,1,1,1,1:26:00,7
1,0,9,1,1,1,1,2:14:00,7
1,0,9,1,1,1,1,3:05:00,7
1,0,9,1,1,1,1,0:43:00,7
1,0,9,1,1,1,1,1:18:00,7
1,0,9,1,1,1,1,0:35:00,7
1,0,9,1,1,1,1,0:01:00,6
1,0,9,1,1,1,1,22:32:00,6
1,0,9,1,1,1,1,21:47:00,6
1,0,9,1,1,1,1,21:05:00,6
1,0,9,1,1,1,1,20:20:00,6
1,0,9,1,1,1,1,19:35:00,6
1,0,9,1,1,1,1,22:25:00,6
1,0,9,1,1,1,1,23:08:00,6
1,0,9,1,1,1,1,23:53:00,6
1,0,10,1,1,1,1,3:50:00,6
1,0,11,1,1,1,1,11:14:00,6
1,0,11,1,1,1,1,12:38:00,6
1,0,11,1,1,1,1,16:48:00,6
1,0,11,1,1,1,1,16:07:00,6
1,0,11,1,1,1,1,15:25:00,6
1,0,11,1,1,1,1,14:45:00,6
1,0,11,1,1,1,1,14:08:00,6
1,0,11,1,1,1,1,17:29:00,6
1,0,12,1,1,1,1,6:45:00,6
1,0,13,1,1,1,-1,6:02:00,6
1,0,14,1,1,1,-1,5:20:00,2
1,0,14,1,1,1,1,5:20:00,4
1,0,15,1,1,1,1,11:58:00,6
1,0,16,1,1,1,1,13:19:00,6
1,0,17,1,1,1,1,18:11:00,6
1,0,18,2,1,-1,-1,23:16:00,6
1,0,19,1,1,-1,1,18:52:00,6
1,0,20,1,1,1,1,6:55:00,5
1,0,21,1,1,-1,1,3:25:00,4
1,0,21,1,1,-1,1,9:08:00,2
1,0,21,1,1,-1,1,13:50:00,2
1,0,21,1,1,-1,1,0:49:00,1
1,0,21,1,1,1,1,6:05:00,41
1,0,21,1,1,1,1,7:40:00,39
1,0,21,1,1,1,1,5:45:00,38
1,0,21,1,1,1,1,4:45:00,37
1,0,21,1,1,1,1,14:05:00,34
1,0,21,1,1,1,1,2:40:00,30
1,0,21,1,1,1,1,3:20:00,30
1,0,21,1,1,1,1,2:00:00,29
1,0,21,1,1,1,1,22:00:00,28
1,0,21,1,1,1,1,6:25:00,28
1,0,21,1,1,1,1,1:10:00,27
1,0,21,1,1,1,1,15:00:00,26
1,0,21,1,1,1,1,22:05:00,26
1,0,21,1,1,1,1,9:00:00,26
1,0,21,1,1,1,1,0:00:00,25
1,0,21,1,1,1,1,17:25:00,25
1,0,21,1,1,1,1,2:30:00,25
1,0,21,1,1,1,1,15:40:00,24
1,0,21,1,1,1,1,23:35:00,24
1,0,21,1,1,1,1,3:40:00,23
1,0,21,1,1,1,1,17:05:00,23
1,0,21,1,1,1,1,6:45:00,23
1,0,21,1,1,1,1,19:30:00,23
1,0,21,1,1,1,1,5:40:00,23
1,0,21,1,1,1,1,11:25:00,23
1,0,21,1,1,1,1,10:25:00,23
1,0,21,1,1,1,1,11:45:00,23
1,0,21,1,1,1,1,22:55:00,23
1,0,21,1,1,1,1,7:00:00,23
1,0,21,1,1,1,1,15:55:00,22
1,0,21,1,1,1,1,5:00:00,22
1,0,21,1,1,1,1,14:24:00,22
1,0,21,1,1,1,1,18:10:00,22
1,0,21,1,1,1,1,0:55:00,22
1,0,21,1,1,1,1,3:55:00,22
1,0,21,1,1,1,1,10:15:00,22
1,0,21,1,1,1,1,2:55:00,21
1,0,21,1,1,1,1,17:45:00,21
1,0,21,1,1,1,1,4:00:00,21
1,0,21,1,1,1,1,10:05:00,21
1,0,21,1,1,1,1,17:40:00,21
1,0,21,1,1,1,1,0:40:00,20
1,0,21,1,1,1,1,5:25:00,20
1,0,21,1,1,1,1,4:40:00,20
1,0,21,1,1,1,1,1:16:00,20
1,0,21,1,1,1,1,4:10:00,20
1,0,21,1,1,1,1,22:15:00,20
1,0,21,1,1,1,1,6:57:00,19
1,0,21,1,1,1,1,18:40:00,19
1,0,21,1,1,1,1,13:10:00,19
1,0,21,1,1,1,1,23:25:00,19
1,0,21,1,1,1,1,22:45:00,19
1,0,21,1,1,1,1,12:20:00,19
1,0,21,1,1,1,1,22:10:00,18
1,0,21,1,1,1,1,20:45:00,18
1,0,21,1,1,1,1,20:05:00,18
1,0,21,1,1,1,1,13:25:00,18
1,0,21,1,1,1,1,12:30:00,18
1,0,21,1,1,1,1,1:45:00,18
1,0,21,1,1,1,1,1:04:00,18
1,0,21,1,1,1,1,3:10:00,18
1,0,21,1,1,1,1,3:51:00,18
1,0,21,1,1,1,1,5:05:00,17
1,0,21,1,1,1,1,6:22:00,17
1,0,21,1,1,1,1,16:00:00,17
1,0,21,1,1,1,1,0:35:00,17
1,0,21,1,1,1,1,1:58:00,17
1,0,21,1,1,1,1,7:25:00,17
1,0,21,1,1,1,1,19:02:00,17
1,0,21,1,1,1,1,12:55:00,16
1,0,21,1,1,1,1,5:41:00,16
1,0,21,1,1,1,1,16:38:00,16
1,0,21,1,1,1,1,2:10:00,16
1,0,21,1,1,1,1,17:21:00,16
1,0,21,1,1,1,1,14:35:00,16
1,0,21,1,1,1,1,18:45:00,16
1,0,21,1,1,1,1,15:10:00,16
1,0,21,1,1,1,1,9:40:00,16
1,0,21,1,1,1,1,4:20:00,16
1,0,21,1,1,1,1,3:00:00,16
1,0,21,1,1,1,1,12:44:00,16
1,0,21,1,1,1,1,9:53:00,16
1,0,21,1,1,1,1,8:20:00,16
1,0,21,1,1,1,1,6:20:00,16
1,0,21,1,1,1,1,13:30:00,16
1,0,21,1,1,1,1,10:55:00,16
1,0,21,1,1,1,1,5:30:00,16
1,0,21,1,1,1,1,23:41:00,16
1,0,21,1,1,1,1,23:00:00,16
1,0,21,1,1,1,1,2:28:00,15
1,0,21,1,1,1,1,20:40:00,15
1,0,21,1,1,1,1,8:00:00,15
1,0,21,1,1,1,1,9:18:00,15
1,0,21,1,1,1,1,8:40:00,15
1,0,21,1,1,1,1,1:40:00,15
1,0,21,1,1,1,1,1:32:00,15
1,0,21,1,1,1,1,7:05:00,15
1,0,21,1,1,1,1,17:48:00,15
1,0,21,1,1,1,1,16:50:00,15
1,0,21,1,1,1,1,3:23:00,15
1,0,21,1,1,1,1,20:50:00,15
1,0,21,1,1,1,1,18:30:00,15
1,0,21,1,1,1,1,1:50:00,15
1,0,21,1,1,1,1,5:15:00,14
1,0,21,1,1,1,1,18:20:00,14
1,0,21,1,1,1,1,16:05:00,14
1,0,21,1,1,1,1,17:10:00,14
1,0,21,1,1,1,1,8:45:00,14
1,0,21,1,1,1,1,15:25:00,14
1,0,21,1,1,1,1,2:45:00,14
1,0,21,1,1,1,1,2:06:00,14
1,0,21,1,1,1,1,21:55:00,14
1,0,21,1,1,1,1,8:08:00,14
1,0,21,1,1,1,1,20:26:00,13
1,0,21,1,1,1,1,18:00:00,13
1,0,21,1,1,1,1,10:40:00,13
1,0,21,1,1,1,1,1:20:00,13
1,0,21,1,1,1,1,17:38:00,13
1,0,21,1,1,1,1,3:07:00,13
1,0,21,1,1,1,1,10:16:00,13
1,0,21,1,1,1,1,12:40:00,13
1,0,21,1,1,1,1,0:42:00,13
1,0,21,1,1,1,1,8:42:00,13
1,0,21,1,1,1,1,13:00:00,13
1,0,21,1,1,1,1,11:20:00,13
1,0,21,1,1,1,1,7:01:00,13
1,0,21,1,1,1,1,0:25:00,13
1,0,21,1,1,1,1,7:20:00,13
1,0,21,1,1,1,1,12:15:00,13
1,0,21,1,1,1,1,6:36:00,13
1,0,21,1,1,1,1,9:45:00,13
1,0,21,1,1,1,1,13:50:00,13
1,0,21,1,1,1,1,1:25:00,13
1,0,21,1,1,1,1,4:36:00,13
1,0,21,1,1,1,1,5:17:00,13
1,0,21,1,1,1,1,3:15:00,13
1,0,21,1,1,1,1,10:43:00,13
1,0,21,1,1,1,1,18:25:00,12
1,0,21,1,1,1,1,21:06:00,12
1,0,21,1,1,1,1,4:24:00,12
1,0,21,1,1,1,1,11:10:00,12
1,0,21,1,1,1,1,17:55:00,12
1,0,21,1,1,1,1,5:27:00,12
1,0,21,1,1,1,1,21:26:00,12
1,0,21,1,1,1,1,18:47:00,12
1,0,21,1,1,1,1,18:06:00,12
1,0,21,1,1,1,1,0:03:00,12
1,0,21,1,1,1,1,0:11:00,12
1,0,21,1,1,1,1,0:52:00,12
1,0,21,1,1,1,1,7:38:00,12
1,0,21,1,1,1,1,8:58:00,12
1,0,21,1,1,1,1,9:36:00,12
1,0,21,1,1,1,1,16:04:00,12
1,0,21,1,1,1,1,13:28:00,12
1,0,21,1,1,1,1,11:29:00,12
1,0,21,1,1,1,1,10:51:00,12
1,0,21,1,1,1,1,10:14:00,12
1,0,21,1,1,1,1,5:10:00,12
1,0,21,1,1,1,1,19:28:00,12
1,0,21,1,1,1,1,16:40:00,12
1,0,21,1,1,1,1,0:15:00,12
1,0,21,1,1,1,1,4:49:00,12
1,0,21,1,1,1,1,8:31:00,12
1,0,21,1,1,1,1,18:35:00,12
1,0,21,1,1,1,1,0:10:00,12
1,0,21,1,1,1,1,19:15:00,11
1,0,21,1,1,1,1,13:51:00,11
1,0,21,1,1,1,1,2:25:00,11
1,0,21,1,1,1,1,3:50:00,11
1,0,21,1,1,1,1,4:05:00,11
1,0,21,1,1,1,1,23:54:00,11
1,0,21,1,1,1,1,6:55:00,11
1,0,21,1,1,1,1,21:07:00,11
1,0,21,1,1,1,1,11:05:00,11
1,0,21,1,1,1,1,15:29:00,11
1,0,21,1,1,1,1,12:37:00,11
1,0,21,1,1,1,1,20:10:00,11
1,0,21,1,1,1,1,23:40:00,11
1,0,21,1,1,1,1,19:40:00,11
1,0,21,1,1,1,1,3:35:00,11
1,0,21,1,1,1,1,4:30:00,10
1,0,21,1,1,1,1,19:05:00,10
1,0,21,1,1,1,1,7:50:00,10
1,0,21,1,1,1,1,1:29:00,10
1,0,21,1,1,1,1,8:24:00,10
1,0,21,1,1,1,1,6:29:00,10
1,0,21,1,1,1,1,7:59:00,10
1,0,21,1,1,1,1,7:13:00,10
1,0,21,1,1,1,1,4:56:00,10
1,0,21,1,1,1,1,8:46:00,10
1,0,21,1,1,1,1,21:34:00,10
1,0,21,1,1,1,1,18:03:00,10
1,0,21,1,1,1,1,20:15:00,10
1,0,21,1,1,1,1,20:51:00,10
1,0,21,1,1,1,1,22:17:00,10
1,0,21,1,1,1,1,23:01:00,10
1,0,21,1,1,1,1,10:18:00,10
1,0,21,1,1,1,1,13:35:00,10
1,0,21,1,1,1,1,2:43:00,10
1,0,21,1,1,1,1,0:31:00,10
1,0,21,1,1,1,1,3:24:00,10
1,0,21,1,1,1,1,4:53:00,10
1,0,21,1,1,1,1,11:27:00,10
1,0,21,1,1,1,1,12:10:00,10
1,0,21,1,1,1,1,12:54:00,10
1,0,21,1,1,1,1,13:36:00,10
1,0,21,1,1,1,1,16:59:00,10
1,0,21,1,1,1,1,18:22:00,10
1,0,21,1,1,1,1,5:37:00,10
1,0,21,1,1,1,1,4:09:00,10
1,0,21,1,1,1,1,7:35:00,10
1,0,21,1,1,1,1,8:15:00,10
1,0,21,1,1,1,1,20:20:00,10
1,0,21,1,1,1,1,11:00:00,10
1,0,21,1,1,1,1,22:49:00,10
1,0,21,1,1,1,1,22:09:00,10
1,0,21,1,1,1,1,21:28:00,10
1,0,21,1,1,1,1,18:50:00,10
1,0,21,1,1,1,1,9:35:00,10
1,0,21,1,1,1,1,16:35:00,10
1,0,21,1,1,1,1,11:35:00,10
1,0,21,1,1,1,1,2:20:00,10
1,0,21,1,1,1,1,14:36:00,10
1,0,21,1,1,1,1,13:21:00,10
1,0,21,1,1,1,1,2:50:00,10
1,0,21,1,1,1,1,12:00:00,10
1,0,21,1,1,1,1,22:20:00,10
1,0,21,1,1,1,1,8:30:00,9
1,0,21,1,1,1,1,19:59:00,9
1,0,21,1,1,1,1,3:30:00,9
1,0,21,1,1,1,1,2:35:00,9
1,0,21,1,1,1,1,15:18:00,9
1,0,21,1,1,1,1,4:03:00,9
1,0,21,1,1,1,1,4:44:00,9
1,0,21,1,1,1,1,5:24:00,9
1,0,21,1,1,1,1,2:42:00,9
1,0,21,1,1,1,1,2:02:00,9
1,0,21,1,1,1,1,1:22:00,9
1,0,21,1,1,1,1,13:24:00,9
1,0,21,1,1,1,1,10:35:00,9
1,0,21,1,1,1,1,16:09:00,9
1,0,21,1,1,1,1,14:47:00,9
1,0,21,1,1,1,1,12:02:00,9
1,0,21,1,1,1,1,9:10:00,9
1,0,21,1,1,1,1,8:25:00,9
1,0,21,1,1,1,1,6:16:00,9
1,0,21,1,1,1,1,4:06:00,9
1,0,21,1,1,1,1,3:22:00,9
1,0,21,1,1,1,1,2:38:00,9
1,0,21,1,1,1,1,1:52:00,9
1,0,21,1,1,1,1,1:08:00,9
1,0,21,1,1,1,1,6:00:00,9
1,0,21,1,1,1,1,6:40:00,9
1,0,21,1,1,1,1,4:35:00,9
1,0,21,1,1,1,1,7:58:00,9
1,0,21,1,1,1,1,7:17:00,9
1,0,21,1,1,1,1,5:13:00,9
1,0,21,1,1,1,1,3:09:00,9
1,0,21,1,1,1,1,1:43:00,9
1,0,21,1,1,1,1,17:01:00,9
1,0,21,1,1,1,1,5:52:00,9
1,0,21,1,1,1,1,5:12:00,9
1,0,21,1,1,1,1,4:31:00,9
1,0,21,1,1,1,1,6:32:00,9
1,0,21,1,1,1,1,7:10:00,9
1,0,21,1,1,1,1,0:20:00,9
1,0,21,1,1,1,1,21:35:00,9
1,0,21,1,1,1,1,5:07:00,8
1,0,21,1,1,1,1,3:48:00,8
1,0,21,1,1,1,1,4:28:00,8
1,0,21,1,1,1,1,13:45:00,8
1,0,21,1,1,1,1,16:27:00,8
1,0,21,1,1,1,1,18:28:00,8
1,0,21,1,1,1,1,23:14:00,8
1,0,21,1,1,1,1,1:46:00,8
1,0,21,1,1,1,1,17:27:00,8
1,0,21,1,1,1,1,15:50:00,8
1,0,21,1,1,1,1,19:13:00,8
1,0,21,1,1,1,1,22:37:00,8
1,0,21,1,1,1,1,20:33:00,8
1,0,21,1,1,1,1,23:18:00,8
1,0,21,1,1,1,1,23:58:00,8
1,0,21,1,1,1,1,21:14:00,8
1,0,21,1,1,1,1,14:41:00,8
1,0,21,1,1,1,1,4:55:00,8
1,0,21,1,1,1,1,2:18:00,8
1,0,21,1,1,1,1,6:35:00,8
1,0,21,1,1,1,1,6:13:00,7
1,0,21,1,1,1,1,22:23:00,7
1,0,21,1,1,1,1,21:32:00,7
1,0,21,1,1,1,1,7:48:00,7
1,0,21,1,1,1,1,8:33:00,7
1,0,21,1,1,1,1,4:54:00,7
1,0,21,1,1,1,1,4:12:00,7
1,0,21,1,1,1,1,2:01:00,7
1,0,21,1,1,1,1,16:46:00,7
1,0,21,1,1,1,1,18:13:00,7
1,0,21,1,1,1,1,18:55:00,7
1,0,21,1,1,1,1,17:15:00,7
1,0,21,1,1,1,1,19:58:00,7
1,0,21,1,1,1,1,20:38:00,7
1,0,21,1,1,1,1,21:19:00,7
1,0,21,1,1,1,1,22:41:00,7
1,0,21,1,1,1,1,2:41:00,7
1,0,21,1,1,1,1,6:10:00,7
1,0,21,1,1,1,1,0:45:00,7
1,0,21,1,1,1,1,0:02:00,7
1,0,21,1,1,1,1,23:21:00,7
1,0,21,1,1,1,1,8:03:00,7
1,0,21,1,1,1,1,12:05:00,7
1,0,21,1,1,1,1,9:20:00,7
1,0,21,1,1,1,1,14:45:00,7
1,0,21,1,1,1,1,12:36:00,7
1,0,21,1,1,1,1,12:13:00,7
1,0,21,1,1,1,1,9:23:00,7
1,0,21,1,1,1,1,14:15:00,7
1,0,21,1,1,1,1,14:54:00,7
1,0,21,1,1,1,1,6:46:00,7
1,0,21,1,1,1,1,8:04:00,7
1,0,21,1,1,1,1,16:14:00,7
1,0,21,1,1,1,1,16:58:00,7
1,0,21,1,1,1,1,19:44:00,7
1,0,21,1,1,1,1,21:49:00,7
1,0,21,1,1,1,1,22:29:00,7
1,0,21,1,1,1,1,23:53:00,7
1,0,21,1,1,1,1,21:30:00,7
1,0,21,1,1,1,1,0:37:00,7
1,0,21,1,1,1,1,1:17:00,7
1,0,21,1,1,1,1,1:55:00,7
1,0,21,1,1,1,1,3:14:00,7
1,0,21,1,1,1,1,5:56:00,7
1,0,21,1,1,1,1,2:34:00,7
1,0,21,1,1,1,1,11:54:00,7
1,0,21,1,1,1,1,10:33:00,7
1,0,21,1,1,1,1,12:34:00,7
1,0,21,1,1,1,1,9:13:00,7
1,0,21,1,1,1,1,8:34:00,7
1,0,21,1,1,1,1,7:54:00,7
1,0,21,1,1,1,1,7:15:00,7
1,0,21,1,1,1,1,5:20:00,7
1,0,21,1,1,1,1,21:17:00,7
1,0,21,1,1,1,1,18:19:00,7
1,0,21,1,1,1,1,16:57:00,7
1,0,21,1,1,1,1,13:29:00,7
1,0,21,1,1,1,1,12:47:00,7
1,0,21,1,1,1,1,4:50:00,7
1,0,21,1,1,1,1,10:44:00,7
1,0,21,1,1,1,1,6:49:00,7
1,0,21,1,1,1,1,8:47:00,7
1,0,21,1,1,1,1,7:29:00,7
1,0,21,1,1,1,1,1:30:00,7
1,0,21,1,1,1,1,0:41:00,7
1,0,21,1,1,1,1,19:51:00,7
1,0,21,1,1,1,1,20:37:00,7
1,0,21,1,1,1,1,22:02:00,7
1,0,21,1,1,1,1,23:31:00,7
1,0,21,1,1,1,1,9:24:00,7
1,0,21,1,1,1,1,8:06:00,7
1,0,21,1,1,1,1,10:04:00,7
1,0,21,1,1,1,1,11:23:00,7
1,0,21,1,1,1,1,12:03:00,7
1,0,21,1,1,1,1,0:12:00,7
1,0,21,1,1,1,1,17:53:00,7
1,0,21,1,1,1,1,23:05:00,6
1,0,21,1,1,1,1,23:50:00,6
1,0,21,1,1,1,1,21:48:00,6
1,0,21,1,1,1,1,16:25:00,6
1,0,21,1,1,1,1,13:13:00,6
1,0,21,1,1,1,1,21:20:00,6
1,0,21,1,1,1,1,20:43:00,6
1,0,21,1,1,1,1,6:23:00,6
1,0,21,1,1,1,1,0:29:00,6
1,0,21,1,1,1,1,1:06:00,6
1,0,21,1,1,1,1,1:48:00,6
1,0,21,1,1,1,1,3:05:00,6
1,0,21,1,1,1,1,5:04:00,6
1,0,21,1,1,1,1,4:25:00,6
1,0,21,1,1,1,1,5:09:00,6
1,0,21,1,1,1,1,6:30:00,6
1,0,21,1,1,1,1,5:49:00,6
1,0,21,1,1,1,1,7:12:00,6
1,0,21,1,1,1,1,23:22:00,6
1,0,21,1,1,1,1,22:42:00,6
1,0,21,1,1,1,1,22:03:00,6
1,0,21,1,1,1,1,21:22:00,6
1,0,21,1,1,1,1,20:42:00,6
1,0,21,1,1,1,1,20:00:00,6
1,0,21,1,1,1,1,19:20:00,6
1,0,21,1,1,1,1,17:20:00,6
1,0,21,1,1,1,1,14:32:00,6
1,0,21,1,1,1,1,22:50:00,6
1,0,21,1,1,1,1,12:53:00,6
1,0,21,1,1,1,1,19:55:00,6
1,0,21,1,1,1,1,4:11:00,6
1,0,21,1,1,1,1,4:51:00,6
1,0,21,1,1,1,1,5:29:00,6
1,0,21,1,1,1,1,20:35:00,6
1,0,21,1,1,1,1,0:00:01,6
1,0,21,1,1,1,1,22:40:00,6
1,0,21,1,1,1,1,21:15:00,6
1,0,21,1,1,1,1,10:00:00,6
1,0,21,1,1,1,1,23:33:00,6
1,0,21,1,1,1,1,22:53:00,6
1,0,21,1,1,1,1,11:50:00,6
1,0,21,1,1,1,1,10:30:00,6
1,0,21,1,1,1,1,9:48:00,6
1,0,21,1,1,1,1,0:17:00,6
1,0,21,1,1,1,1,6:58:00,6
1,0,21,1,1,1,1,3:03:00,6
1,0,21,1,1,1,1,20:12:00,6
1,0,21,1,1,1,1,18:48:00,6
1,0,21,1,1,1,1,20:57:00,6
1,0,21,1,1,1,1,9:38:00,6
1,0,21,1,1,1,1,12:43:00,6
1,0,21,1,1,1,1,8:13:00,6
1,0,21,1,1,1,1,19:45:00,6
1,0,21,1,1,1,1,15:30:00,6
1,0,21,1,1,1,1,16:15:00,6
1,0,21,1,1,1,1,16:56:00,6
1,0,21,1,1,1,1,23:02:00,6
1,0,21,1,1,1,1,21:29:00,6
1,0,21,1,1,1,1,22:52:00,6
1,0,21,1,1,1,1,23:36:00,6
1,0,21,1,1,1,1,20:08:00,6
1,0,21,1,1,1,1,19:27:00,6
1,0,21,1,1,1,1,18:05:00,6
1,0,21,1,1,1,1,15:20:00,6
1,0,21,1,1,1,1,13:55:00,6
1,0,21,1,1,1,1,23:42:00,6
1,0,21,1,1,1,1,23:04:00,6
1,0,21,1,1,1,1,16:24:00,6
1,0,21,1,1,1,1,15:42:00,6
1,0,21,1,1,1,1,15:02:00,6
1,0,21,1,1,1,1,14:22:00,6
1,0,21,1,1,1,1,13:41:00,6
1,0,21,1,1,1,1,10:57:00,6
1,0,21,1,1,1,1,8:51:00,6
1,0,21,1,1,1,1,21:45:00,6
1,0,21,1,1,1,1,21:05:00,6
1,0,21,1,1,1,1,23:45:00,6
1,0,21,1,1,1,1,11:40:00,6
1,0,21,1,1,1,1,0:30:00,6
1,0,21,1,1,1,1,13:40:00,6
1,0,21,1,1,1,1,2:47:00,6
1,0,21,1,1,1,1,3:37:00,6
1,0,21,1,1,1,1,7:45:00,6
1,0,21,1,1,1,1,7:16:00,6
1,0,21,1,1,1,1,9:09:00,6
1,0,21,1,1,1,1,5:57:00,6
1,0,21,1,1,1,1,4:01:00,6
1,0,21,1,1,1,1,9:50:00,6
1,0,21,1,1,1,1,10:31:00,6
1,0,21,1,1,1,1,11:11:00,6
1,0,21,1,1,1,1,1:26:00,6
1,0,21,1,1,1,1,0:48:00,6
1,0,21,1,1,1,1,15:16:00,6
1,0,21,1,1,1,1,15:56:00,6
1,0,21,1,1,1,1,16:37:00,6
1,0,21,1,1,1,1,17:17:00,6
1,0,21,1,1,1,1,13:56:00,6
1,0,21,1,1,1,1,8:05:00,6
1,0,21,1,1,1,1,9:30:00,6
1,0,21,1,1,1,1,2:33:00,6
1,0,21,1,1,1,1,0:26:00,6
1,0,21,1,1,1,1,8:50:00,6
1,0,21,1,1,1,1,23:47:00,6
1,0,21,1,1,1,1,19:11:00,6
1,0,21,1,1,1,1,14:10:00,6
1,0,21,1,1,1,1,22:27:00,6
1,0,21,1,1,1,1,11:30:00,6
1,0,21,1,1,1,1,21:09:00,6
1,0,21,1,1,1,1,18:01:00,6
1,0,21,1,1,1,1,17:22:00,6
1,0,21,1,1,1,1,9:22:00,6
1,0,21,1,1,1,1,6:37:00,6
1,0,21,1,1,1,1,5:18:00,6
1,0,21,1,1,1,1,15:21:00,6
1,0,21,1,1,1,1,5:58:00,6
1,0,21,1,1,1,1,13:22:00,6
1,0,21,1,1,1,1,14:01:00,6
1,0,21,1,1,1,1,11:24:00,6
1,0,21,1,1,1,1,2:15:00,6
1,0,21,1,1,1,1,1:35:00,6
1,0,21,1,1,1,1,21:13:00,6
1,0,21,1,1,1,1,19:41:00,6
1,0,21,1,1,1,1,20:58:00,6
1,0,21,1,1,1,1,9:04:00,6
1,0,21,1,1,1,1,10:27:00,6
1,0,21,1,1,1,1,11:09:00,6
1,0,21,1,1,1,1,11:51:00,6
1,0,21,1,1,1,1,16:41:00,6
1,0,21,1,1,1,1,13:53:00,6
1,0,21,1,1,1,1,1:15:00,5
1,0,21,1,1,1,1,12:09:00,5
1,0,21,1,1,1,1,21:25:00,5
1,0,21,1,1,1,1,23:52:00,5
1,0,21,1,1,1,1,11:04:00,5
1,0,21,1,1,1,1,9:42:00,5
1,0,21,1,1,1,1,10:23:00,5
1,0,21,1,1,1,1,11:46:00,5
1,0,21,1,1,1,1,13:09:00,5
1,0,21,1,1,1,1,16:44:00,5
1,0,21,1,1,1,1,3:42:00,5
1,0,21,1,1,1,1,3:02:00,5
1,0,21,1,1,1,1,1:44:00,5
1,0,21,1,1,1,1,0:21:00,5
1,0,21,1,1,1,1,2:22:00,5
1,0,21,1,1,1,1,13:57:00,5
1,0,21,1,1,1,1,8:38:00,5
1,0,21,1,1,1,1,13:17:00,5
1,0,21,1,1,1,1,11:57:00,5
1,0,21,1,1,1,1,11:18:00,5
1,0,21,1,1,1,1,10:38:00,5
1,0,21,1,1,1,1,9:58:00,5
1,0,21,1,1,1,1,9:19:00,5
1,0,21,1,1,1,1,7:56:00,5
1,0,21,1,1,1,1,5:55:00,5
1,0,21,1,1,1,1,1:03:00,5
1,0,21,1,1,1,1,15:14:00,5
1,0,21,1,1,1,1,16:33:00,5
1,0,21,1,1,1,1,22:14:00,5
1,0,21,1,1,1,1,18:31:00,5
1,0,21,1,1,1,1,15:54:00,5
1,0,21,1,1,1,1,17:13:00,5
1,0,21,1,1,1,1,22:31:00,5
1,0,21,1,1,1,1,22:48:00,5
1,0,21,1,1,1,1,0:05:00,5
1,0,21,1,1,1,1,8:22:00,5
1,0,21,1,1,1,1,9:05:00,5
1,0,21,1,1,1,1,12:26:00,5
1,0,21,1,1,1,1,0:56:00,5
1,0,21,1,1,1,1,2:05:00,5
1,0,21,1,1,1,1,9:08:00,4
1,0,21,1,1,1,1,9:12:00,4
1,0,21,1,1,1,1,23:15:00,4
1,0,21,1,1,1,1,22:30:00,4
1,0,21,1,1,1,1,21:53:00,4
1,0,21,1,1,1,1,17:30:00,4
1,0,21,1,1,1,1,16:08:00,4
1,0,21,1,1,1,1,14:49:00,4
1,0,21,1,1,1,1,14:09:00,4
1,0,21,1,1,1,1,9:55:00,4
1,0,21,1,1,1,1,15:52:00,4
1,0,21,1,1,1,1,15:01:00,4
1,0,21,1,1,1,1,14:11:00,4
1,0,21,1,1,1,1,12:31:00,4
1,0,21,1,1,1,1,16:02:00,4
1,0,21,1,1,1,1,16:49:00,4
1,0,21,1,1,1,1,17:32:00,4
1,0,21,1,1,1,1,9:43:00,4
1,0,21,1,1,1,1,13:11:00,4
1,0,21,1,1,1,1,11:47:00,4
1,0,21,1,1,1,1,11:06:00,4
1,0,21,1,1,1,1,6:47:00,4
1,0,21,1,1,1,1,8:55:00,4
1,0,21,1,1,1,1,8:11:00,4
1,0,21,1,1,1,1,10:19:00,4
1,0,21,1,1,1,1,18:59:00,4
1,0,21,1,1,1,1,16:20:00,4
1,0,21,1,1,1,1,14:20:00,4
1,0,21,1,1,1,1,6:15:00,4
1,0,21,1,1,1,1,5:35:00,4
1,0,21,1,1,1,1,4:15:00,4
1,0,21,1,1,1,1,1:38:00,4
1,0,21,1,1,1,1,1:00:00,4
1,0,21,1,1,1,1,20:24:00,4
1,0,21,1,1,1,1,19:43:00,4
1,0,21,1,1,1,1,20:55:00,4
1,0,21,1,1,1,1,18:49:00,4
1,0,21,1,1,1,1,6:19:00,4
1,0,21,1,1,1,1,0:58:00,4
1,0,21,1,1,1,1,13:06:00,4
1,0,21,1,1,1,1,14:40:00,4
1,0,21,1,1,1,1,15:27:00,4
1,0,21,1,1,1,1,16:16:00,4
1,0,21,1,1,1,1,14:34:00,3
1,0,21,1,1,1,1,20:01:00,3
1,0,21,1,1,1,1,16:11:00,3
1,0,21,1,1,1,1,18:29:00,3
1,0,21,1,1,1,1,19:16:00,3
1,0,21,1,1,1,1,20:48:00,3
1,0,21,1,1,1,1,21:33:00,3
1,0,21,1,1,1,1,22:21:00,3
1,0,21,1,1,1,1,23:06:00,3
1,0,21,1,1,1,1,4:07:00,3
1,0,21,1,1,1,1,2:32:00,3
1,0,21,1,1,1,1,0:59:00,3
1,0,21,1,1,1,1,0:49:00,2
1,0,21,1,1,1,1,22:38:00,2
1,0,21,1,1,1,1,18:39:00,2
1,0,21,1,1,1,1,21:04:00,2
1,0,21,1,1,1,1,21:50:00,2
1,0,21,1,1,1,1,17:04:00,2
1,0,21,1,1,1,1,16:18:00,2
1,0,21,1,1,1,1,7:31:00,2
1,0,21,1,1,1,1,8:17:00,2
1,0,21,1,1,1,1,9:52:00,2
1,0,21,1,1,1,1,10:39:00,2
1,0,21,1,1,1,1,11:28:00,2
1,0,21,1,1,1,1,4:57:00,2
1,0,21,1,1,1,1,7:26:00,1
1,0,21,2,1,1,1,14:10:00,10
1,0,21,2,1,1,1,9:15:00,5
1,0,21,2,1,1,1,19:15:00,1
1,0,22,1,1,1,1,22:28:00,6
1,0,23,1,1,-1,1,0:30:00,5
1,0,24,1,1,1,1,2:05:00,5
1,0,25,1,1,-1,1,19:45:00,6
1,0,26,1,1,1,1,7:45:00,5
1,0,27,1,1,1,1,11:30:00,6
1,0,28,1,1,1,1,14:18:00,6
1,0,29,1,1,1,1,13:38:00,6
1,0,30,1,1,1,1,12:15:00,6
1,0,31,2,1,-1,1,12:40:00,6
1,0,32,1,1,-1,1,3:27:00,1
1,0,32,1,1,1,1,3:27:00,5
1,0,33,2,1,-1,-1,4:03:00,6
1,0,34,2,-1,1,-1,8:35:00,6
1,0,35,2,-1,1,-1,9:30:00,5
1,0,35,2,-1,1,1,9:30:00,1
1,0,36,2,-1,1,1,10:19:00,3
1,0,36,2,1,1,1,10:19:00,3
1,0,37,2,1,1,-1,11:07:00,6
1,0,38,2,-1,-1,-1,11:53:00,6
1,0,39,2,1,1,1,13:27:00,6
1,0,40,1,1,1,1,0:45:00,6
1,0,41,2,1,1,1,15:03:00,6
1,0,41,2,1,1,1,14:15:00,6
1,0,42,1,1,1,1,2:23:00,6
1,0,42,1,1,1,1,1:50:00,6
1,0,42,1,1,1,1,0:12:00,6
1,0,43,1,1,1,1,0:34:00,8
1,0,43,1,1,1,1,1:17:00,8
1,0,43,1,1,1,1,1:58:00,8
1,0,43,1,1,1,1,2:41:00,8
1,0,43,1,1,1,1,3:22:00,8
1,0,43,1,1,1,1,4:45:00,8
1,0,43,1,1,1,1,23:51:00,6
1,0,43,1,1,1,1,23:08:00,6
1,0,43,1,1,1,1,21:46:00,6
1,0,43,1,1,1,1,21:05:00,6
1,0,43,1,1,1,1,20:20:00,6
1,0,43,1,1,1,1,19:40:00,6
1,0,43,1,1,1,1,19:00:00,6
1,0,43,1,1,1,1,18:16:00,6
1,0,43,1,1,1,1,17:30:00,6
1,0,44,1,1,-1,-1,22:27:00,1
1,0,44,1,1,1,-1,22:27:00,1
1,0,44,1,1,1,1,22:27:00,4
1,0,45,1,1,1,1,1:18:00,6
1,0,46,2,1,-1,1,16:40:00,6
1,0,47,2,1,1,1,15:50:00,6
1,0,48,1,1,1,1,23:04:00,8
1,0,49,1,1,1,1,19:45:00,8
1,0,50,2,1,1,-1,20:13:00,1
1,0,50,2,1,1,1,20:13:00,7
1,0,51,1,1,1,1,22:20:00,8
1,0,52,1,1,1,1,13:57:00,8
1,0,53,1,1,1,1,12:36:00,8
1,0,53,1,1,1,1,17:22:00,8
1,0,53,1,1,1,1,11:54:00,8
1,0,54,1,1,1,1,13:18:00,8
1,0,55,1,1,1,1,18:46:00,8
1,0,56,1,1,1,1,14:36:00,8
1,0,56,1,1,1,1,10:33:00,8
1,0,56,1,1,1,1,9:49:00,8
1,0,56,1,1,1,1,9:03:00,7
1,0,56,1,1,1,1,8:15:00,7
1,0,56,1,1,1,1,7:28:00,7
1,0,56,1,1,1,1,6:42:00,7
1,0,57,2,1,1,1,15:16:00,8
1,0,58,1,1,1,1,23:50:00,8
1,0,59,1,1,1,1,18:03:00,8
1,0,60,2,1,1,1,16:38:00,8
1,0,61,2,1,1,1,15:58:00,8
1,0,62,1,1,1,1,11:14:00,8
1,0,63,1,1,1,1,2:03:00,16
1,0,63,1,1,1,1,1:25:00,9
1,0,63,1,1,1,1,0:45:00,9
1,0,63,1,1,1,1,3:34:00,7
1,0,63,1,1,1,1,2:49:00,7
1,0,63,1,1,1,1,5:54:00,7
1,0,63,1,1,1,1,4:21:00,7
1,0,63,1,1,1,1,5:07:00,7
1,0,63,1,1,1,1,1:21:00,7
1,0,63,1,1,1,1,0:44:00,7
1,0,63,1,1,1,1,0:10:00,7
1,0,63,1,1,1,1,0:43:00,7
1,0,63,1,1,1,1,2:37:00,6
1,0,63,1,1,1,1,3:16:00,6
1,0,63,1,1,1,1,4:00:00,6
1,0,63,1,1,1,1,4:45:00,6
1,0,63,1,1,1,1,1:20:00,6
1,0,63,1,1,1,1,1:58:00,6
1,0,63,1,1,1,1,20:17:00,5
1,0,63,1,1,1,1,21:35:00,5
1,0,63,1,1,1,1,22:15:00,5
1,0,63,1,1,1,1,22:55:00,5
1,0,63,2,1,1,1,4:55:00,9
1,0,63,2,1,1,1,4:10:00,9
1,0,63,2,1,1,1,3:25:00,9
1,0,63,2,1,1,1,2:45:00,9
1,0,63,2,1,1,1,5:43:00,8
1,0,64,1,1,1,1,22:54:00,25
1,0,64,1,1,1,1,5:00:00,25
1,0,64,1,1,1,1,2:00:00,23
1,0,64,1,1,1,1,15:20:00,21
1,0,64,1,1,1,1,3:35:00,21
1,0,64,1,1,1,1,4:20:00,21
1,0,64,1,1,1,1,16:05:00,20
1,0,64,1,1,1,1,9:05:00,19
1,0,64,1,1,1,1,17:40:00,19
1,0,64,1,1,1,1,2:45:00,19
1,0,64,1,1,1,1,4:55:00,18
1,0,64,1,1,1,1,4:10:00,18
1,0,64,1,1,1,1,2:40:00,18
1,0,64,1,1,1,1,7:00:00,18
1,0,64,1,1,1,1,9:50:00,18
1,0,64,1,1,1,1,9:55:00,17
1,0,64,1,1,1,1,5:55:00,16
1,0,64,1,1,1,1,13:50:00,15
1,0,64,1,1,1,1,22:30:00,15
1,0,64,1,1,1,1,14:35:00,15
1,0,64,1,1,1,1,0:25:00,14
1,0,64,1,1,1,1,1:10:00,14
1,0,64,1,1,1,1,23:45:00,13
1,0,64,1,1,1,1,16:50:00,13
1,0,64,1,1,1,1,2:55:00,13
1,0,64,1,1,1,1,0:45:00,13
1,0,64,1,1,1,1,1:30:00,13
1,0,64,1,1,1,1,2:10:00,13
1,0,64,1,1,1,1,23:40:00,13
1,0,64,1,1,1,1,22:08:00,13
1,0,64,1,1,1,1,21:22:00,13
1,0,64,1,1,1,1,15:10:00,12
1,0,64,1,1,1,1,9:16:00,12
1,0,64,1,1,1,1,21:13:00,12
1,0,64,1,1,1,1,17:55:00,12
1,0,64,1,1,1,1,8:20:00,12
1,0,64,1,1,1,1,16:20:00,12
1,0,64,1,1,1,1,12:50:00,12
1,0,64,1,1,1,1,11:15:00,12
1,0,64,1,1,1,1,22:04:00,12
1,0,64,1,1,1,1,10:30:00,12
1,0,64,1,1,1,1,18:45:00,12
1,0,64,1,1,1,1,17:10:00,12
1,0,64,1,1,1,1,14:55:00,12
1,0,64,1,1,1,1,13:25:00,12
1,0,64,1,1,1,1,12:00:00,12
1,0,64,1,1,1,1,4:15:00,12
1,0,64,1,1,1,1,5:45:00,12
1,0,64,1,1,1,1,0:35:00,12
1,0,64,1,1,1,1,1:15:00,12
1,0,64,1,1,1,1,11:31:00,11
1,0,64,1,1,1,1,10:40:00,11
1,0,64,1,1,1,1,8:25:00,11
1,0,64,1,1,1,1,1:20:00,11
1,0,64,1,1,1,1,5:35:00,11
1,0,64,1,1,1,1,0:40:00,11
1,0,64,1,1,1,1,11:22:00,11
1,0,64,1,1,1,1,9:10:00,11
1,0,64,1,1,1,1,7:45:00,11
1,0,64,1,1,1,1,6:15:00,11
1,0,64,1,1,1,1,3:00:00,9
1,0,64,1,1,1,1,5:11:00,9
1,0,64,1,1,1,1,2:15:00,9
1,0,64,1,1,1,1,3:40:00,9
1,0,64,1,1,1,1,4:28:00,9
1,0,64,1,1,1,1,7:20:00,9
1,0,64,1,1,1,1,6:40:00,9
1,0,64,1,1,1,1,10:55:00,8
1,0,64,1,1,1,1,10:10:00,8
1,0,64,1,1,1,1,11:40:00,8
1,0,64,1,1,1,1,5:02:00,8
1,0,64,1,1,1,1,8:45:00,8
1,0,64,1,1,1,1,17:35:00,8
1,0,64,1,1,1,1,6:30:00,8
1,0,64,1,1,1,1,5:50:00,8
1,0,64,1,1,1,1,13:05:00,8
1,0,64,1,1,1,1,2:50:00,8
1,0,64,1,1,1,1,8:05:00,8
1,0,64,1,1,1,1,9:25:00,8
1,0,64,1,1,1,1,23:15:00,8
1,0,64,1,1,1,1,21:36:00,7
1,0,64,1,1,1,1,20:42:00,7
1,0,64,1,1,1,1,23:22:00,7
1,0,64,1,1,1,1,4:25:00,7
1,0,64,1,1,1,1,2:57:00,7
1,0,64,1,1,1,1,23:51:00,7
1,0,64,1,1,1,1,23:00:00,7
1,0,64,1,1,1,1,18:25:00,7
1,0,64,1,1,1,1,11:35:00,7
1,0,64,1,1,1,1,10:45:00,7
1,0,64,1,1,1,1,13:10:00,7
1,0,64,1,1,1,1,5:12:00,7
1,0,64,1,1,1,1,3:42:00,7
1,0,64,1,1,1,1,12:20:00,7
1,0,64,1,1,1,1,19:09:00,7
1,0,64,1,1,1,1,8:15:00,7
1,0,64,1,1,1,1,7:30:00,7
1,0,64,1,1,1,1,6:45:00,7
1,0,64,1,1,1,1,6:00:00,7
1,0,64,1,1,1,1,5:06:00,7
1,0,64,1,1,1,1,1:16:00,7
1,0,64,1,1,1,1,21:55:00,7
1,0,64,1,1,1,1,23:20:00,7
1,0,64,1,1,1,1,4:19:00,7
1,0,64,1,1,1,1,3:32:00,7
1,0,64,1,1,1,1,1:58:00,7
1,0,64,1,1,1,1,0:05:00,7
1,0,64,1,1,1,1,20:40:00,7
1,0,64,1,1,1,1,21:10:00,7
1,0,64,1,1,1,1,0:33:00,7
1,0,64,1,1,1,1,12:47:00,7
1,0,64,1,1,1,1,2:37:00,7
1,0,64,1,1,1,1,4:03:00,7
1,0,64,1,1,1,1,12:05:00,7
1,0,64,1,1,1,1,3:19:00,7
1,0,64,1,1,1,1,22:15:00,7
1,0,64,1,1,1,1,13:30:00,7
1,0,64,1,1,1,1,20:45:00,7
1,0,64,1,1,1,1,21:30:00,7
1,0,64,1,1,1,1,5:31:00,7
1,0,64,1,1,1,1,6:16:00,7
1,0,64,1,1,1,1,10:42:00,7
1,0,64,1,1,1,1,8:31:00,7
1,0,64,1,1,1,1,15:40:00,7
1,0,64,1,1,1,1,20:00:00,7
1,0,64,1,1,1,1,4:46:00,7
1,0,64,1,1,1,1,9:58:00,7
1,0,64,1,1,1,1,11:24:00,7
1,0,64,1,1,1,1,14:12:00,7
1,0,64,1,1,1,1,16:24:00,7
1,0,64,1,1,1,1,17:08:00,7
1,0,64,1,1,1,1,17:52:00,7
1,0,64,1,1,1,1,18:37:00,7
1,0,64,1,1,1,1,19:20:00,7
1,0,64,1,1,1,1,18:07:00,7
1,0,64,1,1,1,1,17:25:00,7
1,0,64,1,1,1,1,12:17:00,7
1,0,64,1,1,1,1,6:25:00,7
1,0,64,1,1,1,1,1:55:00,7
1,0,64,1,1,1,1,10:08:00,7
1,0,64,1,1,1,1,16:40:00,7
1,0,64,1,1,1,1,13:00:00,7
1,0,64,1,1,1,1,10:50:00,7
1,0,64,1,1,1,1,9:24:00,7
1,0,64,1,1,1,1,13:45:00,7
1,0,64,1,1,1,1,11:34:00,7
1,0,64,1,1,1,1,15:55:00,7
1,0,64,1,1,1,1,14:30:00,7
1,0,64,1,1,1,1,5:40:00,7
1,0,64,1,1,1,1,14:36:00,6
1,0,64,1,1,1,1,13:06:00,6
1,0,64,1,1,1,1,13:51:00,6
1,0,64,1,1,1,1,12:21:00,6
1,0,64,1,1,1,1,11:38:00,6
1,0,64,1,1,1,1,9:07:00,6
1,0,64,1,1,1,1,2:38:00,6
1,0,64,1,1,1,1,4:48:00,6
1,0,64,1,1,1,1,4:04:00,6
1,0,64,1,1,1,1,3:21:00,6
1,0,64,1,1,1,1,6:56:00,6
1,0,64,1,1,1,1,22:55:00,6
1,0,64,1,1,1,1,8:24:00,6
1,0,64,1,1,1,1,9:43:00,6
1,0,64,1,1,1,1,10:37:00,6
1,0,64,1,1,1,1,15:05:00,6
1,0,64,1,1,1,1,13:19:00,6
1,0,64,1,1,1,1,8:49:00,6
1,0,64,1,1,1,1,17:42:00,6
1,0,64,1,1,1,1,18:38:00,6
1,0,64,1,1,1,1,15:56:00,6
1,0,64,1,1,1,1,14:13:00,6
1,0,64,1,1,1,1,12:25:00,6
1,0,64,1,1,1,1,7:57:00,6
1,0,64,1,1,1,1,16:12:00,5
1,0,64,1,1,1,1,18:55:00,5
1,0,64,1,1,1,1,16:45:00,5
1,0,64,1,1,1,1,17:30:00,5
1,0,64,1,1,1,1,18:12:00,5
1,0,64,1,1,1,1,13:17:00,5
1,0,64,1,1,1,1,12:35:00,5
1,0,64,1,1,1,1,3:55:00,5
1,0,64,1,1,1,1,21:02:00,5
1,0,64,1,1,1,1,19:39:00,5
1,0,64,1,1,1,1,2:25:00,5
1,0,64,1,1,1,1,14:41:00,5
1,0,64,1,1,1,1,4:40:00,5
1,0,64,1,1,1,1,14:00:00,5
1,0,64,1,1,1,1,21:46:00,5
1,0,64,1,1,1,1,20:21:00,5
1,0,64,1,1,1,1,3:10:00,5
1,0,64,1,1,1,1,9:22:00,5
1,0,64,1,1,1,1,12:13:00,5
1,0,64,1,1,1,1,12:58:00,5
1,0,64,1,1,1,1,14:27:00,5
1,0,64,1,1,1,1,17:23:00,5
1,0,64,1,1,1,1,15:53:00,5
1,0,64,1,1,1,1,13:42:00,5
1,0,64,1,1,1,1,10:49:00,5
1,0,64,1,1,1,1,16:38:00,5
1,0,64,1,1,1,1,18:09:00,5
1,0,64,1,1,1,1,10:06:00,5
1,0,64,1,1,1,1,6:19:00,5
1,0,64,1,1,1,1,21:45:00,5
1,0,64,1,1,1,1,21:00:00,5
1,0,64,1,1,1,1,5:36:00,5
1,0,64,1,1,1,1,7:48:00,5
1,0,64,1,1,1,1,7:03:00,5
1,0,64,1,1,1,1,8:35:00,5
1,0,64,1,1,1,1,4:54:00,5
1,0,64,1,1,1,1,10:00:00,5
1,0,64,1,1,1,1,10:43:00,5
1,0,64,1,1,1,1,23:55:00,5
1,0,64,1,1,1,1,23:10:00,5
1,0,64,1,1,1,1,6:43:00,5
1,0,64,2,1,1,1,23:40:00,12
1,0,64,2,1,1,1,19:30:00,12
1,0,64,2,1,1,1,18:15:00,8
1,0,64,2,1,1,1,20:20:00,6
1,0,64,2,1,1,1,14:24:00,6
1,0,64,2,1,1,1,13:54:00,6
1,0,64,2,1,1,1,16:53:00,6
1,0,64,2,1,1,1,22:05:00,6
1,0,64,2,1,1,1,16:03:00,6
1,0,64,2,1,1,1,18:35:00,6
1,0,64,2,1,1,1,21:10:00,6
1,0,64,2,1,1,1,17:44:00,6
1,0,64,2,1,1,1,8:39:00,5
1,0,64,2,1,1,1,11:25:00,5
1,0,65,2,1,1,1,10:47:00,6
1,0,65,2,1,1,1,10:00:00,6
1,0,66,2,-1,1,-1,3:16:00,6
1,0,67,2,-1,1,-1,5:06:00,6
1,0,68,2,-1,-1,-1,2:27:00,6
1,0,69,2,-1,1,-1,4:11:00,6
1,0,70,2,-1,1,-1,5:58:00,6
1,0,72,2,1,1,-1,8:28:00,2
1,0,72,2,1,1,1,8:28:00,5
1,0,73,1,1,-1,1,7:40:00,2
1,0,73,1,1,1,1,7:40:00,5
1,0,74,1,1,1,1,5:30:00,7
1,0,74,1,1,1,1,16:25:00,5
1,0,74,1,1,1,1,15:42:00,5
1,0,83,1,1,-1,1,18:45:00,2
1,0,83,1,1,1,1,18:45:00,4
1,0,84,1,1,1,1,22:40:00,6
1,0,85,1,1,1,1,20:05:00,6
1,0,85,1,1,1,1,19:25:00,6
1,0,86,1,1,1,1,18:07:00,6
1,0,87,1,1,1,1,17:20:00,6
1,0,88,1,1,-1,-1,3:45:00,4
1,0,88,1,1,-1,1,3:45:00,2
1,0,89,1,1,1,1,7:03:00,6
1,0,89,1,1,1,1,7:42:00,6
1,0,89,1,1,1,1,8:21:00,6
1,0,90,1,1,1,1,9:01:00,6
1,0,91,1,1,1,1,9:42:00,6
1,0,92,1,1,1,1,10:24:00,6
1,0,93,1,1,1,1,9:22:00,10
1,0,93,1,1,1,1,8:38:00,10
1,0,93,1,1,1,1,10:04:00,10
1,0,93,1,1,1,1,10:46:00,10
1,0,93,1,1,1,1,7:51:00,10
1,0,93,1,1,1,1,7:06:00,10
1,0,93,1,1,1,1,0:06:00,9
1,0,93,1,1,1,1,23:25:00,9
1,0,93,1,1,1,1,22:42:00,9
1,0,93,1,1,1,1,21:21:00,9
1,0,93,1,1,1,1,22:03:00,9
1,0,93,1,1,1,1,14:55:00,9
1,0,93,1,1,1,1,14:11:00,9
1,0,93,1,1,1,1,13:29:00,9
1,0,93,1,1,1,1,12:35:00,9
1,0,93,1,1,1,1,11:16:00,9
1,0,93,1,1,1,1,10:31:00,9
1,0,93,1,1,1,1,9:47:00,9
1,0,93,1,1,1,1,9:03:00,9
1,0,93,1,1,1,1,8:19:00,9
1,0,93,1,1,1,1,7:35:00,9
1,0,93,1,1,1,1,6:06:00,9
1,0,93,1,1,1,1,5:22:00,9
1,0,93,1,1,1,1,4:39:00,9
1,0,93,1,1,1,1,3:56:00,9
1,0,93,1,1,1,1,3:13:00,9
1,0,93,1,1,1,1,12:00:00,9
1,0,93,1,1,1,1,6:07:00,7
1,0,93,1,1,1,1,5:27:00,7
1,0,93,1,1,1,1,4:08:00,7
1,0,93,1,1,1,1,3:27:00,7
1,0,93,1,1,1,1,2:05:00,7
1,0,93,1,1,1,1,1:22:00,7
1,0,93,1,1,1,1,0:41:00,7
1,0,93,1,1,1,1,2:46:00,7
1,0,93,1,1,1,1,19:10:00,7
1,0,93,1,1,1,1,11:47:00,6
1,0,93,1,1,1,1,0:47:00,6
1,0,93,1,1,1,1,5:32:00,5
1,0,93,1,1,1,1,6:14:00,5
1,0,93,1,1,1,1,6:56:00,5
1,0,93,1,1,1,1,7:39:00,5
1,0,93,1,1,1,1,8:21:00,5
1,0,93,1,1,1,1,9:01:00,5
1,0,94,1,1,1,1,12:30:00,6
1,0,95,2,1,1,1,14:54:00,6
1,0,96,1,1,-1,1,11:06:00,1
1,0,96,1,1,1,1,11:06:00,5
1,0,97,1,1,1,1,20:40:00,8
1,0,98,2,1,1,1,21:23:00,8
1,0,98,2,1,1,1,22:04:00,8
1,0,98,2,1,1,1,22:45:00,8
1,0,98,2,1,1,1,23:26:00,8
1,0,98,2,1,1,1,0:09:00,8
1,0,98,2,1,1,1,14:05:00,7
1,0,98,2,1,1,1,15:02:00,7
1,0,98,2,1,1,1,15:45:00,7
1,0,98,2,1,1,1,16:30:00,7
1,0,98,2,1,1,1,2:16:00,6
1,0,98,2,1,1,1,0:52:00,6
1,0,98,2,1,1,1,21:25:00,6
1,0,98,2,1,1,1,20:45:00,6
1,0,98,2,1,1,1,19:10:00,5
1,0,98,2,1,1,1,19:49:00,5
1,0,99,2,1,-1,-1,5:30:00,7
1,0,99,2,1,-1,1,5:30:00,1
1,0,100,1,1,-1,-1,4:05:00,7
1,0,100,1,1,-1,1,4:05:00,1
1,0,101,1,1,1,1,1:55:00,6
1,0,101,1,1,1,1,0:35:00,6
1,0,101,1,1,1,1,1:15:00,6
1,0,102,2,1,1,1,16:50:00,5
1,0,103,2,1,1,1,7:15:00,5
1,0,104,2,1,-1,1,2:00:00,1
1,0,104,2,1,1,1,2:00:00,4
1,0,105,2,1,-1,-1,19:00:00,3
1,0,105,2,1,-1,1,19:00:00,2
1,0,106,2,-1,-1,-1,0:10:00,5
1,0,107,1,1,-1,-1,12:20:00,5
1,0,108,2,1,-1,1,1:05:00,2
1,0,108,2,1,1,1,1:05:00,3
1,0,109,1,1,1,-1,15:13:00,2
1,0,109,1,1,1,1,16:42:00,3
1,0,109,1,1,1,1,15:58:00,3
1,0,109,1,1,1,1,13:01:00,3
1,0,109,1,1,1,1,13:44:00,3
1,0,109,1,1,1,1,14:29:00,3
1,0,109,1,1,1,1,15:13:00,1
1,0,110,1,1,1,1,18:11:00,3
1,0,110,1,1,1,1,12:19:00,3
1,0,110,1,1,1,1,11:35:00,3
1,0,110,1,1,1,1,10:10:00,3
1,0,110,1,1,1,1,18:55:00,3
1,0,111,1,1,1,1,18:55:00,3
1,0,111,1,1,1,1,10:10:00,3
1,0,111,1,1,1,1,11:35:00,3
1,0,111,1,1,1,1,12:19:00,3
1,0,111,1,1,1,1,18:11:00,3
1,0,112,1,1,1,-1,15:13:00,3
1,0,112,1,1,1,1,13:01:00,3
1,0,112,1,1,1,1,13:44:00,3
1,0,112,1,1,1,1,14:29:00,3
1,0,112,1,1,1,1,15:58:00,3
1,0,112,1,1,1,1,16:42:00,3
1,0,113,1,1,1,1,1:27:00,5
1,0,113,1,1,1,1,2:11:00,5
1,0,113,1,1,1,1,5:04:00,5
1,0,113,1,1,1,1,5:47:00,5
1,0,113,1,1,1,1,6:31:00,5
1,0,113,1,1,1,1,7:14:00,5
1,0,113,1,1,1,1,7:57:00,5
1,0,113,1,1,1,1,8:39:00,5
1,0,113,1,1,1,1,9:21:00,5
1,0,113,1,1,1,1,10:47:00,5
1,0,113,1,1,1,1,11:27:00,5
1,0,113,1,1,1,1,21:49:00,3
1,0,113,1,1,1,1,22:32:00,3
1,0,113,1,1,1,1,23:17:00,3
1,0,114,1,1,1,1,23:17:00,3
1,0,114,1,1,1,1,21:49:00,3
1,0,115,2,1,1,-1,8:05:00,9
1,0,115,2,1,1,-1,9:25:00,8
1,0,115,2,1,1,-1,10:10:00,7
1,0,115,2,1,1,-1,7:20:00,3
1,0,115,2,1,1,-1,8:45:00,2
1,0,115,2,1,1,1,8:45:00,7
1,0,115,2,1,1,1,7:20:00,6
1,0,115,2,1,1,1,10:10:00,2
1,0,115,2,1,1,1,9:25:00,1
1,0,116,1,1,1,1,14:55:00,9
1,0,116,1,1,1,1,10:50:00,9
1,0,116,1,1,1,1,14:15:00,9
1,0,116,1,1,1,1,12:15:00,9
1,0,116,1,1,1,1,11:35:00,9
1,0,117,1,1,1,1,19:17:00,9
1,0,118,1,1,1,1,18:30:00,9
1,0,118,1,1,1,1,13:35:00,9
1,0,119,1,1,1,1,17:45:00,9
1,0,120,1,1,1,1,17:00:00,9
1,0,121,1,1,1,1,16:15:00,9
1,0,122,1,1,1,1,15:35:00,9
1,0,123,1,1,1,1,12:55:00,9
1,0,124,2,1,1,1,6:32:00,6
1,0,125,2,1,1,1,3:42:00,6
1,0,125,2,1,1,1,2:58:00,6
1,0,126,1,1,1,1,9:50:00,6
1,0,126,1,1,1,1,9:10:00,6
1,0,127,1,1,1,1,0:44:00,5
1,0,128,1,1,1,1,2:55:00,5
1,0,129,1,1,-1,-1,3:38:00,5
1,0,130,1,-1,-1,-1,4:21:00,1
1,0,130,1,1,-1,-1,4:21:00,4
1,0,131,1,1,1,1,10:03:00,5
1,0,132,1,1,1,1,18:32:00,5
1,0,133,1,1,1,1,14:19:00,5
1,0,135,1,1,-1,-1,17:08:00,5
1,0,136,1,1,1,1,13:37:00,5
1,0,137,1,1,1,1,8:39:00,1
1,0,137,1,1,1,1,9:21:00,1
1,0,137,1,1,1,1,7:57:00,1
1,0,137,1,1,1,1,6:31:00,1
1,0,137,1,1,1,1,5:47:00,1
1,0,137,1,1,1,1,5:04:00,1
1,0,137,1,1,1,1,1:27:00,1
1,0,137,1,1,1,1,11:27:00,1
1,0,137,1,1,1,1,10:47:00,1
1,0,138,1,1,1,1,6:49:00,5
1,0,139,2,1,-1,1,7:30:00,4
1,0,139,2,1,1,1,7:30:00,1
1,0,140,1,1,-1,-1,17:15:00,1
1,0,140,1,1,1,-1,17:15:00,4
1,0,141,1,1,1,1,6:07:00,5
1,0,142,1,1,1,1,23:15:00,5
1,0,143,1,1,1,1,18:37:00,5
1,0,144,1,1,1,1,19:55:00,5
1,0,145,1,1,-1,-1,22:00:00,5
1,0,146,1,1,-1,-1,2:50:00,3
1,0,146,1,1,-1,1,2:50:00,2
1,0,147,2,1,1,1,11:20:00,5
1,0,147,2,1,1,1,12:01:00,5
1,0,147,2,1,1,1,12:40:00,5
1,0,147,2,1,1,1,13:21:00,5
1,0,147,2,1,1,1,14:43:00,5
1,0,147,2,1,1,1,15:20:00,5
1,0,148,2,1,1,1,12:40:00,1
1,0,148,2,1,1,1,11:20:00,1
1,0,148,2,1,1,1,12:01:00,1
1,0,148,2,1,1,1,13:21:00,1
1,0,148,2,1,1,1,14:43:00,1
1,0,148,2,1,1,1,15:20:00,1
1,0,149,2,1,1,1,14:00:00,5
1,0,150,2,1,-1,-1,16:03:00,5
1,0,162,1,1,1,1,0:08:00,10
1,0,162,1,1,1,1,23:38:00,10
1,0,162,1,1,1,1,19:29:00,6
1,0,162,1,1,1,1,16:37:00,6
1,0,162,1,1,1,1,15:55:00,6
1,0,163,1,1,1,1,6:15:00,5
1,0,164,2,1,1,1,4:35:00,5
1,0,165,1,1,1,1,1:00:00,5
1,0,166,1,1,1,1,18:03:00,5
1,0,167,1,1,-1,1,21:41:00,5
1,0,168,1,1,1,1,14:32:00,5
1,0,169,1,1,1,1,15:14:00,5
1,0,170,1,1,1,1,11:12:00,6
1,0,170,1,1,1,1,7:30:00,6
1,0,171,1,1,-1,-1,13:25:00,2
1,0,171,1,1,-1,1,13:25:00,3
1,0,172,1,1,-1,1,21:09:00,1
1,0,172,1,1,1,1,21:50:00,6
1,0,172,1,1,1,1,21:09:00,5
1,0,173,1,1,1,1,22:34:00,5
1,0,174,2,1,-1,1,23:15:00,5
1,0,175,1,1,-1,1,19:00:00,1
1,0,175,1,1,1,1,19:00:00,4
1,0,176,1,1,1,1,12:00:00,5
1,0,177,1,1,1,1,0:00:00,5
1,0,178,1,1,1,1,8:55:00,5
1,0,179,2,1,-1,1,14:48:00,5
1,0,180,1,1,-1,-1,6:50:00,5
1,0,181,1,1,1,1,3:00:00,12
1,0,182,1,1,1,1,16:24:00,12
1,0,183,1,1,1,1,4:22:00,12
1,0,184,1,1,1,1,2:12:00,12
1,0,185,1,1,1,1,6:20:00,12
1,0,186,1,1,1,1,8:18:00,12
1,0,187,1,1,1,-1,15:24:00,12
1,0,188,1,1,1,1,12:48:00,12
1,0,189,1,1,-1,-1,12:08:00,1
1,0,189,1,1,-1,1,12:08:00,11
1,0,190,1,1,-1,1,22:30:00,5
1,0,191,1,1,1,1,23:13:00,5
1,0,191,1,1,1,1,23:58:00,5
1,0,191,1,1,1,1,5:25:00,5
1,0,191,1,1,1,1,6:10:00,5
1,0,191,1,1,1,1,8:20:00,5
1,0,191,1,1,1,1,9:47:00,5
1,0,191,1,1,1,1,11:11:00,5
1,0,191,1,1,1,1,11:55:00,5
1,0,191,1,1,1,1,9:02:00,5
1,0,191,1,1,1,1,10:30:00,5
1,0,191,1,1,1,1,2:10:00,5
1,0,191,1,1,1,1,1:25:00,5
1,0,191,1,1,1,1,0:41:00,5
1,0,191,1,1,1,1,5:45:00,5
1,0,191,1,1,1,1,6:29:00,5
1,0,191,1,1,1,1,7:11:00,5
1,0,192,2,1,-1,1,6:50:00,2
1,0,192,2,1,1,1,7:35:00,5
1,0,192,2,1,1,1,6:50:00,3
1,0,193,1,1,-1,1,1:45:00,5
1,0,194,1,1,1,1,1:00:00,5
1,0,195,1,1,-1,1,15:25:00,4
1,0,195,1,1,1,1,15:25:00,1
1,0,196,1,1,1,1,5:05:00,5
1,0,197,1,1,1,1,4:18:00,5
1,0,198,2,1,-1,1,2:55:00,5
1,0,199,2,1,1,1,19:40:00,5
1,0,199,2,1,1,1,20:25:00,5
1,0,200,2,1,1,1,21:55:00,5
1,0,201,2,1,1,1,23:25:00,5
1,0,201,2,1,1,1,0:10:00,5
1,0,201,2,1,1,1,22:40:00,5
1,0,201,2,1,1,1,0:50:00,5
1,0,202,2,1,1,1,21:10:00,5
1,0,203,1,1,-1,1,7:54:00,1
1,0,203,1,1,1,1,7:54:00,4
1,0,204,2,1,-1,1,18:57:00,5
1,0,208,2,1,1,1,0:24:00,5
1,0,208,2,1,1,1,22:18:00,5
1,0,208,2,1,1,1,20:42:00,5
1,0,208,2,1,1,1,23:08:00,5
1,0,208,2,1,1,1,0:46:00,5
1,0,208,2,1,1,1,4:03:00,5
1,0,208,2,1,1,1,3:14:00,5
1,0,211,2,1,-1,-1,21:27:00,1
1,0,211,2,1,-1,1,21:27:00,4
1,0,213,2,1,-1,1,1:35:00,5
1,0,216,2,1,1,1,14:29:00,5
1,0,216,2,1,1,1,13:39:00,5
1,0,216,2,1,1,1,15:15:00,5
1,0,216,2,1,1,1,19:20:00,5
1,0,216,2,1,1,1,20:10:00,5
1,0,216,2,1,1,1,16:06:00,5
1,0,216,2,1,1,1,16:55:00,5
1,0,216,2,1,1,1,17:43:00,5
1,0,216,2,1,1,1,18:31:00,5
1,0,217,2,-1,-1,-1,12:54:00,4
1,0,217,2,-1,-1,1,12:54:00,1
1,0,218,2,1,1,1,1:36:00,5
1,0,219,1,1,-1,1,22:30:00,5
1,0,220,2,1,1,1,2:26:00,5
1,0,221,2,1,-1,1,12:10:00,11
1,0,223,2,1,-1,-1,3:30:00,11
1,0,224,2,1,1,-1,12:53:00,11
1,0,227,1,1,1,1,19:32:00,12
1,0,228,1,1,1,1,20:23:00,12
1,0,229,1,1,1,1,7:30:00,12
1,0,229,1,1,1,1,6:35:00,12
1,0,229,1,1,1,1,5:45:00,12
1,0,229,1,1,1,1,4:52:00,12
1,0,230,1,1,1,1,4:02:00,12
1,0,231,1,1,1,1,14:10:00,12
1,0,232,2,1,1,1,3:10:00,12
1,0,233,2,1,1,1,2:15:00,12
1,0,234,2,1,1,1,13:37:00,6
1,0,235,2,1,-1,1,7:41:00,6
1,0,236,1,1,1,1,6:14:00,6
1,0,236,1,1,1,1,11:25:00,6
1,0,236,1,1,1,1,12:10:00,6
1,0,237,1,1,1,1,5:31:00,6
1,0,238,2,1,1,1,15:13:00,6
1,0,239,2,1,-1,-1,2:05:00,6
1,0,240,1,1,-1,1,10:41:00,6
1,0,242,2,-1,1,-1,9:35:00,12
1,0,243,2,-1,1,-1,8:40:00,12
1,0,244,1,1,1,1,3:30:00,12
1,0,245,1,1,1,1,6:32:00,12
1,0,246,2,1,1,-1,7:15:00,12
1,0,249,1,1,1,1,23:40:00,13
1,0,253,1,-1,1,1,22:50:00,1
1,0,253,1,1,1,1,22:50:00,12
1,0,254,1,1,1,1,0:35:00,7
1,0,255,1,1,1,1,2:15:00,7
1,0,256,2,1,1,1,1:25:00,7
1,0,257,1,1,1,1,19:54:00,7
1,0,258,2,1,1,1,21:26:00,7
1,0,259,1,1,1,1,20:38:00,7
1,0,260,1,1,1,1,6:35:00,13
1,0,261,1,1,1,1,7:20:00,13
1,0,262,1,1,1,1,9:35:00,13
1,0,263,1,1,1,1,11:12:00,13
1,0,263,1,1,1,1,12:00:00,13
1,0,263,1,1,1,1,10:25:00,13
1,0,263,1,1,1,1,8:50:00,13
1,0,263,2,1,1,1,12:45:00,13
1,0,264,1,1,1,1,5:50:00,13
1,0,266,1,1,1,1,8:05:00,13
1,0,275,1,1,1,1,20:37:00,13
1,0,275,1,1,1,1,19:51:00,13
1,0,275,1,1,1,1,19:05:00,13
1,0,277,1,1,1,1,18:20:00,13
1,0,278,1,1,1,1,17:40:00,13
1,0,279,1,1,1,1,1:54:00,7
1,0,280,1,1,-1,1,23:00:00,7
1,0,281,1,1,1,1,14:56:00,7
1,0,283,2,1,-1,1,3:30:00,7
1,0,284,2,1,-1,1,7:14:00,7
1,0,285,1,1,-1,1,8:35:00,7
1,0,286,1,1,1,1,19:34:00,7
1,0,286,1,1,1,1,0:06:00,7
1,0,286,1,1,1,1,23:16:00,7
1,0,286,1,1,1,1,20:18:00,7
1,0,286,1,1,1,1,21:47:00,7
1,0,286,1,1,1,1,18:50:00,7
1,0,286,1,1,1,1,22:32:00,7
1,0,286,1,1,1,1,21:01:00,7
1,0,287,1,1,1,1,19:20:00,8
1,0,288,2,1,1,1,14:49:00,8
1,0,288,2,1,1,1,17:50:00,8
1,0,288,2,1,1,1,12:31:00,8
1,0,288,2,1,1,1,14:02:00,8
1,0,288,2,1,1,1,16:19:00,6
1,0,288,2,1,1,1,11:45:00,6
1,0,289,2,-1,-1,-1,10:35:00,6
1,0,290,2,-1,-1,-1,6:21:00,4
1,0,290,2,-1,1,-1,6:21:00,1
1,0,290,2,-1,1,1,6:21:00,2
1,0,290,2,1,1,1,4:02:00,8
1,0,290,2,1,1,1,2:18:00,8
1,0,290,2,1,1,1,5:34:00,8
1,0,290,2,1,1,1,3:10:00,8
1,0,290,2,1,1,1,1:34:00,8
1,0,290,2,1,1,1,6:21:00,1
1,0,291,1,1,-1,1,21:41:00,8
1,0,292,2,1,1,1,18:34:00,8
1,0,293,2,1,1,1,17:04:00,8
1,0,294,2,-1,-1,-1,7:09:00,8
1,0,295,1,1,1,1,11:05:00,9
1,0,295,1,1,1,1,9:35:00,9
1,0,295,1,1,1,1,11:55:00,9
1,0,295,1,1,1,1,8:55:00,9
1,0,295,1,1,1,1,1:28:00,9
1,0,295,1,1,1,1,12:35:00,9
1,0,295,1,1,1,1,14:50:00,9
1,0,295,1,1,1,1,13:20:00,9
1,0,295,1,1,1,1,10:20:00,9
1,0,295,1,1,1,1,0:45:00,9
1,0,295,1,1,1,1,0:01:00,8
1,0,296,2,1,1,1,15:33:00,8
1,0,297,2,-1,-1,-1,13:18:00,8
1,0,298,2,-1,1,1,9:45:00,4
1,0,298,2,1,1,1,9:45:00,2
1,0,299,1,1,1,1,20:07:00,8
1,0,300,2,1,1,1,4:49:00,8
1,0,301,1,1,1,1,20:52:00,8
1,0,302,1,1,1,1,0:51:00,8
1,0,303,1,1,1,1,18:25:00,9
1,0,304,1,1,1,1,19:10:00,9
1,0,304,1,1,1,1,19:54:00,9
1,0,304,1,1,1,1,21:25:00,9
1,0,304,1,1,1,1,23:17:00,9
1,0,305,1,1,1,1,17:40:00,9
1,0,306,1,1,-1,1,8:10:00,9
1,0,307,2,1,1,-1,15:35:00,8
1,0,307,2,1,1,1,15:35:00,1
1,0,308,1,1,1,1,22:12:00,9
1,0,309,1,1,1,1,14:05:00,9
1,0,317,1,1,1,1,19:37:00,7
1,0,317,1,1,1,1,20:19:00,7
1,0,318,1,1,-1,1,2:44:00,3
1,0,318,1,1,1,1,2:44:00,4
1,0,319,1,1,1,1,9:16:00,7
1,0,320,1,1,1,1,11:40:00,7
1,0,320,1,1,1,1,13:10:00,7
1,0,320,1,1,1,1,14:40:00,7
1,0,321,1,1,1,1,3:27:00,7
1,0,322,1,1,1,1,12:26:00,7
1,0,323,1,1,1,1,15:22:00,7
1,0,324,1,1,1,1,17:30:00,7
1,0,325,1,1,1,1,13:54:00,7
1,0,326,2,1,1,1,10:01:00,7
1,0,327,1,1,1,1,2:30:00,8
1,0,328,1,1,1,1,1:49:00,8
1,0,329,1,1,1,-1,1:05:00,8
1,0,330,1,1,1,1,7:44:00,8
1,0,331,1,1,1,1,8:23:00,8
1,0,331,1,1,1,1,12:27:00,8
1,0,331,1,1,1,1,9:43:00,8
1,0,331,1,1,1,1,9:04:00,8
1,0,331,1,1,1,1,10:25:00,8
1,0,331,1,1,1,1,11:05:00,8
1,0,331,1,1,1,1,11:45:00,8
1,0,331,1,1,1,1,4:00:00,6
1,0,332,1,1,1,1,13:07:00,8
1,0,333,1,1,1,1,14:26:00,8
1,0,334,1,1,1,1,15:08:00,8
1,0,335,1,1,1,1,19:10:00,8
1,0,336,2,1,1,1,19:50:00,8
1,0,337,2,1,-1,1,21:50:00,7
1,0,337,2,1,1,1,21:50:00,1
1,0,338,1,1,1,1,22:34:00,8
1,0,339,1,1,1,1,19:18:00,7
1,0,340,2,1,1,-1,12:10:00,1
1,0,340,2,1,1,1,12:10:00,6
1,0,341,2,1,1,1,10:40:00,7
1,0,341,2,1,1,1,11:25:00,7
1,0,342,2,1,-1,1,9:55:00,6
1,0,342,2,1,1,1,9:55:00,1
1,0,343,1,1,-1,1,9:12:00,6
1,0,343,1,1,1,1,9:12:00,1
1,0,344,1,1,1,1,8:27:00,7
1,0,345,2,-1,1,-1,11:15:00,6
1,0,346,2,-1,1,-1,15:45:00,4
1,0,346,2,-1,1,1,15:45:00,4
1,0,347,2,-1,1,-1,6:05:00,8
1,0,347,2,-1,1,1,6:05:00,1
1,0,350,2,-1,-1,-1,13:40:00,9
1,0,351,2,-1,1,-1,14:40:00,5
1,0,351,2,-1,1,1,14:40:00,3
1,0,352,2,-1,1,-1,8:50:00,3
1,0,352,2,-1,1,-1,8:00:00,1
1,0,352,2,-1,1,1,8:00:00,8
1,0,352,2,-1,1,1,8:50:00,6
1,0,354,2,-1,1,-1,16:45:00,2
1,0,354,2,-1,1,1,16:45:00,7
1,0,356,2,-1,1,-1,17:50:00,5
1,0,356,2,-1,1,1,17:50:00,4
1,0,357,2,-1,1,-1,10:00:00,3
1,0,357,2,-1,1,1,7:00:00,9
1,0,357,2,-1,1,1,10:00:00,3
1,0,358,2,-1,1,-1,19:32:00,9
1,0,359,2,-1,1,-1,18:41:00,9
1,0,360,2,1,-1,-1,12:27:00,5
1,0,361,1,1,1,1,4:49:00,5
1,0,362,1,1,1,1,3:25:00,5
1,0,363,1,1,-1,1,0:52:00,4
1,0,363,1,1,1,1,0:52:00,1
1,0,365,2,1,-1,1,18:53:00,5
1,0,370,1,1,1,1,6:40:00,7
1,0,371,1,1,1,1,18:51:00,7
1,0,372,2,1,1,-1,19:31:00,6
1,0,372,2,1,1,1,19:31:00,1
1,0,373,1,1,1,1,21:05:00,7
1,0,374,1,1,1,1,21:48:00,7
1,0,375,1,1,1,1,22:27:00,7
1,0,375,1,1,1,1,23:08:00,7
1,0,376,1,1,1,1,23:47:00,7
1,0,376,1,1,1,1,2:35:00,6
1,0,376,1,1,1,1,0:32:00,6
1,0,376,1,1,1,1,3:20:00,6
1,0,376,1,1,1,1,1:54:00,6
1,0,376,1,1,1,1,16:55:00,5
1,0,376,1,1,1,1,18:15:00,5
1,0,376,1,1,1,1,18:57:00,5
1,0,377,2,1,1,-1,20:15:00,1
1,0,377,2,1,1,1,0:00:00,9
1,0,377,2,1,1,1,23:15:00,9
1,0,377,2,1,1,1,22:30:00,9
1,0,377,2,1,1,1,20:58:00,9
1,0,377,2,1,1,1,20:15:00,8
1,0,378,2,1,1,1,21:43:00,9
1,0,379,2,1,-1,-1,19:30:00,9
1,0,380,2,1,1,1,7:25:00,9
1,0,381,2,-1,-1,-1,14:35:00,9
1,0,382,1,1,-1,1,17:00:00,1
1,0,382,1,1,1,1,17:00:00,7
1,0,383,2,1,1,1,17:52:00,8
1,0,383,2,1,1,1,18:40:00,8
1,0,384,1,1,1,1,10:47:00,7
1,0,385,1,1,1,1,13:35:00,7
1,0,386,1,1,-1,1,15:32:00,1
1,0,386,1,1,1,1,15:32:00,6
1,0,387,1,1,1,1,12:54:00,7
1,0,388,1,1,1,1,4:47:00,7
1,0,389,1,1,1,1,23:11:00,7
1,0,390,1,1,1,1,18:22:00,7
1,0,391,1,1,1,1,3:24:00,10
1,0,392,1,1,1,1,9:32:00,10
1,0,393,1,1,-1,1,11:02:00,1
1,0,393,1,1,1,1,11:02:00,9
1,0,394,1,1,1,1,23:46:00,10
1,0,395,2,1,1,-1,11:48:00,1
1,0,395,2,1,1,1,11:48:00,9
1,0,396,1,1,1,1,0:02:00,10
1,0,397,1,1,1,1,14:18:00,10
1,0,398,1,1,1,1,16:19:00,10
1,0,399,2,1,1,1,19:43:00,10
1,0,400,1,1,1,1,22:27:00,10
1,0,401,1,1,1,1,23:10:00,10
1,0,402,1,1,1,1,20:48:00,6
1,0,403,1,1,1,1,22:10:00,6
1,0,404,1,1,1,1,3:59:00,6
1,0,405,1,1,1,1,3:14:00,6
1,0,406,1,1,1,1,1:45:00,6
1,0,407,1,1,1,1,0:53:00,6
1,0,408,1,1,1,1,13:10:00,6
1,0,409,2,1,-1,-1,6:54:00,6
1,0,410,1,1,-1,-1,6:11:00,6
1,0,411,1,1,1,1,2:30:00,6
1,0,412,1,1,1,1,20:55:00,9
1,0,413,1,1,1,1,21:30:00,9
1,0,414,1,1,1,1,0:19:00,9
1,0,415,2,1,1,1,15:40:00,9
1,0,416,1,1,-1,-1,6:51:00,9
1,0,417,1,1,1,1,20:10:00,9
1,0,418,1,1,-1,1,19:25:00,9
1,0,419,1,1,1,1,18:42:00,9
1,0,420,1,1,1,1,18:00:00,9
1,0,420,1,1,1,1,17:15:00,9
1,0,421,1,1,1,1,6:30:00,6
1,0,422,1,1,-1,1,22:24:00,2
1,0,422,1,1,1,1,22:24:00,4
1,0,423,1,1,1,1,21:43:00,6
1,0,424,1,1,1,1,21:02:00,6
1,0,425,1,1,-1,1,20:22:00,6
1,0,426,1,1,1,1,19:43:00,6
1,0,427,1,1,1,1,19:04:00,6
1,0,428,1,1,1,1,11:39:00,6
1,0,428,1,1,1,1,5:00:00,6
1,0,429,1,1,1,1,9:35:00,6
1,0,430,1,1,1,1,8:09:00,6
1,0,431,1,1,1,1,7:22:00,6
1,0,432,2,1,-1,1,5:00:00,6
1,0,433,1,1,1,-1,3:40:00,6
1,0,434,1,1,1,1,2:15:00,6
1,0,435,1,1,1,1,1:40:00,6
1,0,436,1,1,1,1,20:35:00,9
1,0,436,1,1,1,1,19:55:00,9
1,0,437,1,1,-1,1,18:25:00,9
1,0,438,1,1,1,1,19:10:00,9
1,0,439,1,1,1,1,21:30:00,9
1,0,440,1,1,1,1,22:55:00,9
1,0,440,1,1,1,1,1:45:00,9
1,0,441,2,1,1,1,16:50:00,9
1,0,442,1,1,1,1,7:41:00,9
1,0,443,1,1,1,1,5:32:00,9
1,0,444,2,1,1,1,9:20:00,9
1,0,445,1,1,1,1,0:01:00,9
1,0,446,1,1,1,1,0:20:00,9
1,0,447,1,1,1,-1,22:25:00,6
1,0,448,1,1,1,1,17:37:00,6
1,0,448,1,1,1,1,18:17:00,6
1,0,448,1,1,1,1,16:55:00,6
1,0,449,1,1,1,1,19:00:00,6
1,0,450,1,1,-1,-1,15:25:00,2
1,0,450,1,1,-1,1,15:25:00,4
1,0,451,1,1,1,1,23:05:00,6
1,0,452,1,1,1,1,19:40:00,6
1,0,453,1,1,1,1,16:10:00,6
1,0,454,1,1,1,1,21:36:00,6
1,0,454,1,1,1,1,20:10:00,6
1,0,455,1,1,1,1,23:40:00,6
1,0,456,1,1,1,1,22:59:00,6
1,0,457,1,1,1,1,22:17:00,6
1,0,457,1,1,1,1,20:54:00,6
1,0,458,1,1,1,1,18:44:00,6
1,0,458,1,1,1,1,17:53:00,6
1,0,459,1,1,1,1,12:15:00,6
1,0,460,1,1,1,1,13:00:00,6
1,0,461,1,1,1,1,14:25:00,6
1,0,462,2,1,1,1,16:40:00,6
1,0,463,2,1,1,1,19:24:00,6
1,0,464,1,1,-1,1,18:00:00,5
1,0,464,1,1,1,1,18:00:00,1
1,0,465,1,1,1,1,7:30:00,7
1,0,465,1,1,1,1,7:00:00,6
1,0,466,1,1,1,1,20:35:00,9
1,0,467,1,1,1,1,14:35:00,9
1,0,467,1,1,1,1,10:47:00,9
1,0,467,1,1,1,1,10:01:00,9
1,0,468,1,1,1,1,8:37:00,9
1,0,469,1,1,1,1,6:37:00,9
1,0,470,1,1,1,1,4:33:00,9
1,0,471,1,1,1,1,2:26:00,9
1,0,472,1,1,1,1,0:22:00,9
1,0,473,1,1,1,1,5:55:00,9
1,0,474,1,1,1,1,15:35:00,9
1,0,475,1,1,1,1,21:20:00,9
1,0,476,1,1,1,1,19:55:00,9
1,0,477,1,1,1,1,19:10:00,9
1,0,477,1,1,1,1,22:00:00,9
1,0,478,1,1,1,1,18:27:00,9
1,0,479,2,1,1,1,22:40:00,9
1,0,480,1,1,1,1,16:19:00,9
1,0,481,1,1,1,1,12:23:00,6
1,0,482,1,1,-1,-1,13:26:00,6
1,0,483,1,1,1,1,3:40:00,10
1,0,484,1,1,1,1,0:10:00,10
1,0,485,1,1,1,1,20:10:00,10
1,0,486,1,1,1,1,19:31:00,10
1,0,487,1,1,1,1,17:20:00,10
1,0,488,1,1,1,1,5:18:00,6
1,0,489,1,1,-1,1,11:51:00,6
1,0,490,1,1,1,1,12:06:00,7
1,0,490,1,1,1,1,19:15:00,6
1,0,491,1,1,1,1,20:40:00,6
1,0,491,1,1,1,1,21:20:00,6
1,0,491,1,1,1,1,22:00:00,6
1,0,491,1,1,1,1,22:40:00,6
1,0,491,1,1,1,1,19:59:00,6
1,0,492,1,1,1,1,23:20:00,6
1,0,492,1,1,1,1,0:01:00,6
1,0,493,1,1,1,1,17:10:00,8
1,0,494,1,1,1,1,17:50:00,8
1,0,495,2,1,-1,-1,16:30:00,8
1,0,496,1,1,1,1,14:30:00,8
1,0,497,1,1,1,1,11:05:00,8
1,0,498,1,1,1,-1,8:25:00,6
1,0,498,1,1,1,-1,9:05:00,2
1,0,498,1,1,1,1,9:05:00,6
1,0,498,1,1,1,1,8:25:00,2
1,0,499,1,1,1,1,15:10:00,8
1,0,500,1,1,1,1,7:44:00,8
1,0,501,1,1,1,1,19:53:00,8
1,0,502,1,1,1,-1,4:08:00,1
1,0,502,1,1,1,1,4:08:00,7
1,0,503,2,1,1,1,4:48:00,8
1,0,504,1,1,1,-1,6:10:00,8
1,0,505,1,1,1,1,3:25:00,8
1,0,506,1,1,1,1,20:50:00,7
1,0,507,1,1,1,1,18:42:00,7
1,0,508,1,1,1,1,14:43:00,7
1,0,508,1,1,1,1,17:05:00,6
1,0,509,1,1,1,1,16:16:00,6
1,0,510,1,1,1,1,15:30:00,7
1,0,511,2,1,1,1,13:13:00,7
1,0,512,1,1,1,1,11:13:00,7
1,0,513,2,1,-1,1,8:55:00,7
1,0,514,1,1,-1,1,22:45:00,2
1,0,514,1,1,1,1,22:45:00,5
1,0,515,1,1,1,1,3:55:00,7
1,0,515,1,1,1,1,1:50:00,7
1,0,516,1,1,1,1,23:25:00,7
1,0,517,1,1,1,1,20:30:00,7
1,0,518,1,1,1,1,18:55:00,7
1,0,519,1,1,1,1,0:25:00,7
1,0,520,1,1,1,-1,15:38:00,3
1,0,520,1,1,1,1,15:38:00,4
1,0,521,1,1,1,1,23:43:00,7
1,0,522,1,1,1,-1,22:05:00,7
1,0,523,2,1,1,1,19:45:00,7
1,0,524,1,1,1,1,19:00:00,7
1,0,525,1,1,1,1,16:15:00,7
1,0,527,1,1,1,1,14:11:00,7
1,0,528,1,1,1,1,6:08:00,7
1,0,529,1,1,1,1,9:26:00,7
1,0,530,1,1,1,1,6:40:00,6
1,0,531,1,1,1,1,6:00:00,6
1,0,532,1,1,1,1,20:29:00,6
1,0,532,1,1,1,1,19:49:00,6
1,0,533,1,1,1,1,21:47:00,6
1,0,534,1,1,1,1,12:10:00,6
1,0,535,1,1,1,1,12:50:00,6
1,0,536,2,1,-1,1,14:50:00,6
1,0,537,1,1,-1,1,16:30:00,6
1,0,538,1,1,1,1,17:55:00,6
1,0,539,1,1,1,1,18:05:00,8
1,0,539,1,1,1,1,16:31:00,8
1,0,539,1,1,1,1,19:35:00,5
1,0,540,1,1,1,1,18:50:00,8
1,0,540,1,1,1,1,17:19:00,8
1,0,541,1,1,1,1,20:30:00,8
1,0,542,1,1,1,1,21:15:00,8
1,0,543,1,1,-1,1,22:50:00,8
1,0,544,1,1,-1,1,23:45:00,8
1,0,545,1,1,1,1,19:40:00,8
1,0,546,1,1,1,1,0:28:00,9
1,0,547,1,1,-1,1,7:50:00,1
1,0,547,1,1,1,1,7:50:00,8
1,0,548,1,1,1,1,8:30:00,9
1,0,549,1,1,1,1,15:45:00,8
1,0,550,1,1,1,1,15:00:00,9
1,0,551,2,1,-1,1,13:05:00,3
1,0,551,2,1,1,1,13:05:00,6
1,0,552,2,1,1,-1,11:35:00,8
1,0,552,2,1,1,1,11:35:00,1
1,0,553,2,1,-1,1,10:45:00,9
1,0,554,2,1,-1,1,10:00:00,9
1,0,555,1,1,1,1,9:15:00,9
1,0,574,1,1,1,1,16:20:00,7
1,0,576,1,1,1,1,21:22:00,7
1,0,579,2,1,1,-1,21:25:00,3
1,0,579,2,1,1,1,21:25:00,3
1,0,580,1,1,-1,-1,19:20:00,6
1,0,581,1,1,1,1,1:13:00,6
1,0,582,1,1,1,1,10:00:00,6
1,0,583,1,1,1,1,8:00:00,6
1,0,584,1,1,1,1,7:19:00,6
1,0,585,1,1,1,1,4:38:00,6
1,0,586,1,1,1,1,1:25:00,7
1,0,587,1,1,-1,-1,2:00:00,7
1,0,588,2,1,1,1,18:36:00,7
1,0,588,2,1,1,1,19:25:00,7
1,0,588,2,1,1,1,20:09:00,7
1,0,588,2,1,1,1,20:55:00,7
1,0,588,2,1,1,1,16:19:00,7
1,0,588,2,1,1,1,14:04:00,7
1,0,588,2,1,1,1,14:48:00,7
1,0,589,1,1,-1,1,21:42:00,1
1,0,589,1,1,1,1,21:42:00,6
1,0,590,2,1,1,-1,22:30:00,2
1,0,590,2,1,1,1,22:30:00,5
1,0,591,1,1,1,1,0:01:00,7
1,0,592,2,1,1,1,17:49:00,7
1,0,592,2,1,1,1,17:05:00,7
1,0,593,2,1,-1,-1,15:35:00,7
1,0,594,1,1,1,1,7:45:00,6
1,0,595,1,1,1,1,7:05:00,6
1,0,596,2,1,-1,1,4:20:00,6
1,0,597,1,1,-1,-1,22:30:00,6
1,0,598,1,1,1,1,20:34:00,6
1,0,598,1,1,1,1,19:55:00,6
1,0,598,1,1,1,1,19:13:00,6
1,0,598,1,1,1,1,17:50:00,6
1,0,598,1,1,1,1,17:08:00,6
1,0,598,1,1,1,1,19:35:00,6
1,0,598,1,1,1,1,1:00:00,5
1,0,599,1,1,1,1,18:32:00,6
1,0,600,2,1,1,1,8:25:00,6
1,0,601,1,1,1,1,8:27:00,5
1,0,601,1,1,1,1,9:07:00,5
1,0,601,1,1,1,1,13:14:00,5
1,0,601,1,1,1,1,10:30:00,5
1,0,601,1,1,1,1,17:45:00,5
1,0,601,1,1,1,1,17:00:00,5
1,0,601,1,1,1,1,15:15:00,5
1,0,601,1,1,1,1,15:23:00,5
1,0,601,1,1,1,1,14:41:00,5
1,0,601,1,1,1,1,13:58:00,5
1,0,601,1,1,1,1,12:35:00,5
1,0,601,1,1,1,1,11:55:00,5
1,0,601,1,1,1,1,11:15:00,5
1,0,601,1,1,1,1,9:55:00,5
1,0,602,1,1,1,1,0:30:00,6
1,0,602,1,1,1,1,1:12:00,6
1,0,602,1,1,1,1,1:56:00,6
1,0,602,1,1,1,1,3:16:00,6
1,0,602,1,1,1,1,12:45:00,6
1,0,602,1,1,1,1,13:25:00,6
1,0,602,1,1,1,1,14:05:00,6
1,0,602,1,1,1,1,14:50:00,6
1,0,602,1,1,1,1,15:30:00,6
1,0,602,1,1,1,1,16:10:00,6
1,0,602,1,1,1,1,23:52:00,5
1,0,603,1,1,1,1,5:20:00,6
1,0,603,1,1,1,1,8:40:00,6
1,0,603,1,1,1,1,10:00:00,6
1,0,603,1,1,1,1,21:10:00,5
1,0,603,1,1,1,1,22:29:00,5
1,0,603,1,1,1,1,21:50:00,5
1,0,604,2,1,-1,-1,4:24:00,5
1,0,605,1,1,1,1,7:06:00,5
1,0,606,1,1,1,1,7:52:00,5
1,0,607,1,1,-1,1,18:24:00,2
1,0,607,1,1,1,1,18:24:00,3
1,0,608,2,-1,1,-1,19:11:00,1
1,0,608,2,1,1,-1,19:11:00,4
1,0,609,1,1,1,-1,21:00:00,5
1,0,610,1,1,1,1,20:23:00,6
1,0,611,1,1,1,1,21:48:00,6
1,0,611,2,1,1,1,22:31:00,6
1,0,612,1,1,1,1,19:00:00,6
1,0,613,1,1,1,1,18:15:00,6
1,0,613,1,1,1,1,17:31:00,6
1,0,614,1,1,1,1,8:00:00,6
1,0,614,1,1,1,1,6:00:00,6
1,0,615,1,1,1,1,2:35:00,6
1,0,616,1,1,1,-1,4:00:00,6
1,0,617,1,1,1,1,4:40:00,6
1,0,618,1,1,1,-1,6:40:00,6
1,0,619,1,1,1,1,7:20:00,6
1,0,620,1,1,1,1,10:40:00,6
1,0,620,1,1,1,1,11:23:00,6
1,0,620,1,1,1,1,12:00:00,6
1,0,620,1,1,1,1,9:20:00,6
1,0,621,1,1,1,1,16:50:00,6
1,0,622,1,1,1,1,4:34:00,4
1,0,622,1,1,1,1,5:11:00,4
1,0,623,1,1,1,1,12:45:00,4
1,0,623,1,1,1,1,18:55:00,4
1,0,624,1,1,1,1,20:17:00,6
1,0,624,1,1,1,1,4:40:00,4
1,0,624,1,1,1,1,3:58:00,4
1,0,624,1,1,1,1,2:30:00,4
1,0,624,1,1,1,1,1:50:00,4
1,0,625,1,1,1,1,21:39:00,6
1,0,625,1,1,1,1,1:07:00,4
1,0,626,1,1,1,1,1:40:00,6
1,0,627,1,1,1,1,2:20:00,6
1,0,627,2,1,1,1,3:05:00,6
1,0,628,1,1,1,1,8:23:00,6
1,0,628,1,1,1,1,9:45:00,6
1,0,629,1,1,1,1,6:15:00,6
1,0,630,1,1,1,1,7:00:00,6
1,0,631,1,1,1,1,7:42:00,6
1,0,632,1,1,1,1,18:55:00,6
1,0,632,1,1,1,1,17:29:00,6
1,0,632,1,1,1,1,18:10:00,6
1,0,633,1,1,1,1,7:16:00,5
1,0,634,1,1,1,1,22:51:00,5
1,0,635,2,1,1,1,19:11:00,5
1,0,636,1,1,1,1,21:25:00,5
1,0,637,1,1,1,1,20:45:00,5
1,0,638,1,1,1,1,19:55:00,5
1,0,639,1,1,1,1,18:20:00,5
1,0,640,1,1,1,1,3:51:00,4
1,0,640,1,1,1,1,6:57:00,4
1,0,640,1,1,1,1,6:12:00,4
1,0,640,1,1,1,1,5:23:00,4
1,0,640,1,1,1,1,4:40:00,4
1,0,641,1,1,1,1,6:16:00,5
1,0,641,1,1,1,1,4:50:00,5
1,0,641,1,1,1,1,4:10:00,5
1,0,641,1,1,1,1,3:25:00,5
1,0,641,1,1,1,1,2:50:00,5
1,0,641,1,1,1,1,5:35:00,5
1,0,642,1,1,-1,-1,18:42:00,5
1,0,643,1,1,1,-1,21:30:00,1
1,0,643,1,1,1,1,4:12:00,4
1,0,643,1,1,1,1,21:30:00,3
1,0,644,1,1,1,1,22:18:00,4
1,0,644,1,1,1,1,0:31:00,4
1,0,644,1,1,1,1,3:35:00,4
1,0,644,1,1,1,1,2:48:00,4
1,0,644,1,1,1,1,1:17:00,4
1,0,644,1,1,1,1,5:09:00,4
1,0,644,1,1,1,1,5:56:00,4
1,0,644,1,1,1,1,6:41:00,4
1,0,645,1,1,1,1,14:14:00,5
1,0,645,1,1,1,1,16:13:00,5
1,0,646,1,1,1,1,14:54:00,5
1,0,646,1,1,1,1,15:33:00,5
1,0,646,1,1,1,1,13:35:00,5
1,0,647,1,1,-1,-1,17:35:00,5
1,0,648,1,1,1,1,21:00:00,5
1,0,649,1,1,1,1,23:35:00,5
1,0,650,1,1,1,1,12:46:00,5
1,1,-1,0,-1,-1,-1,10:50:00,3
2,0,-1,1,1,-1,-1,17:51:00,1
2,0,134,1,1,-1,-1,17:51:00,5
2,0,282,1,1,-1,-1,7:46:00,7
2,2,-1,1,-1,1,-1,2:53:00,6
2,2,-1,1,-1,1,-1,1:25:00,6
2,2,-1,1,-1,1,-1,7:19:00,2
2,2,-1,1,-1,1,-1,5:49:00,2
2,2,-1,1,-1,1,1,6:34:00,6
2,2,-1,1,-1,1,1,5:04:00,6
2,2,-1,1,-1,1,1,4:21:00,6
2,2,-1,1,-1,1,1,3:37:00,6
2,2,-1,1,-1,1,1,2:10:00,6
2,2,-1,1,-1,1,1,0:35:00,6
2,2,-1,1,-1,1,1,5:49:00,4
2,2,-1,1,-1,1,1,7:19:00,4
2,2,-1,2,-1,1,-1,8:03:00,6
2,2,75,1,-1,1,-1,19:00:00,7
2,2,76,1,-1,1,1,19:49:00,7
2,2,77,1,-1,1,-1,21:30:00,2
2,2,77,1,-1,1,1,21:30:00,12
2,2,78,1,-1,1,1,23:04:00,7
2,2,79,1,-1,1,1,23:48:00,7
2,2,80,1,-1,1,-1,22:18:00,4
2,2,80,1,-1,1,1,22:18:00,3
2,2,81,1,-1,1,-1,18:14:00,5
2,2,81,1,-1,1,1,18:14:00,1
2,2,82,1,-1,1,-1,17:26:00,6
2,2,205,2,-1,1,1,7:10:00,5
2,2,206,1,-1,1,-1,5:40:00,2
2,2,206,1,-1,1,-1,8:00:00,2
2,2,206,1,-1,1,-1,15:15:00,1
2,2,206,1,-1,1,1,6:30:00,5
2,2,206,1,-1,1,1,16:00:00,5
2,2,206,1,-1,1,1,9:30:00,5
2,2,206,1,-1,1,1,4:10:00,5
2,2,206,1,-1,1,1,10:10:00,5
2,2,206,1,-1,1,1,11:40:00,5
2,2,206,1,-1,1,1,12:25:00,5
2,2,206,1,-1,1,1,14:40:00,5
2,2,206,1,-1,1,1,13:40:00,5
2,2,206,1,-1,1,1,13:10:00,5
2,2,206,1,-1,1,1,18:10:00,5
2,2,206,1,-1,1,1,15:15:00,4
2,2,206,1,-1,1,1,8:00:00,3
2,2,206,1,-1,1,1,5:40:00,3
2,2,207,1,-1,1,-1,8:45:00,2
2,2,207,1,-1,1,1,4:55:00,5
2,2,207,1,-1,1,1,8:45:00,3
2,2,209,2,-1,-1,-1,17:30:00,5
2,2,210,1,-1,1,-1,10:55:00,5
2,2,212,2,-1,-1,-1,18:51:00,5
2,2,214,1,-1,-1,-1,3:15:00,5
2,2,215,1,-1,1,1,16:45:00,5
2,2,364,1,-1,1,1,0:48:00,7
2,2,364,1,-1,1,1,7:35:00,7
2,2,364,1,-1,1,1,8:20:00,7
2,2,364,1,-1,1,1,9:00:00,7
2,2,364,1,-1,1,1,9:42:00,7
2,2,364,1,-1,1,1,11:06:00,7
2,2,364,1,-1,1,1,10:24:00,7
2,2,364,1,-1,1,1,3:11:00,7
2,2,364,1,-1,1,1,5:46:00,7
2,2,364,1,-1,1,1,4:40:00,7
2,2,364,1,-1,1,1,23:17:00,5
2,2,364,1,-1,1,1,0:04:00,5
2,2,366,1,-1,-1,-1,20:22:00,5
2,2,367,1,-1,-1,-1,21:03:00,1
2,2,367,1,-1,-1,1,21:03:00,4
2,2,368,1,-1,1,1,21:44:00,5
2,2,369,1,-1,1,1,22:33:00,5
2,2,566,1,-1,1,1,1:32:00,7
2,2,567,1,-1,1,1,2:18:00,7
2,2,567,1,-1,1,1,3:54:00,7
2,2,568,1,-1,1,1,6:51:00,7
2,2,569,1,-1,1,1,11:49:00,7
2,2,570,1,-1,1,-1,12:31:00,7
2,2,571,1,-1,1,-1,0:00:00,3
2,2,571,1,-1,1,1,0:00:00,4
2,2,572,1,-1,1,-1,13:57:00,4
2,2,572,1,-1,1,1,13:57:00,3
2,2,573,2,-1,-1,-1,14:40:00,7
2,2,575,1,-1,1,-1,6:08:00,1
2,2,575,1,-1,1,1,6:08:00,6
2,2,577,1,-1,1,-1,23:35:00,6
2,2,578,1,-1,1,-1,23:00:00,6
