IsolationForest,LOF,OneClassSVM,time_temperature_measurement2,count
-1,-1,-1,13:40:00,9
-1,-1,-1,14:35:00,9
-1,-1,-1,0:10:00,8
-1,-1,-1,7:09:00,8
-1,-1,-1,13:18:00,8
-1,-1,-1,14:40:00,7
-1,-1,-1,11:53:00,6
-1,-1,-1,2:27:00,6
-1,-1,-1,10:35:00,6
-1,-1,-1,17:30:00,5
-1,-1,-1,18:51:00,5
-1,-1,-1,3:15:00,5
-1,-1,-1,20:22:00,5
-1,-1,-1,12:54:00,4
-1,-1,-1,6:21:00,4
-1,-1,-1,17:55:00,4
-1,-1,-1,13:25:00,3
-1,-1,-1,10:50:00,3
-1,-1,-1,1:05:00,3
-1,-1,-1,7:40:00,2
-1,-1,-1,6:43:00,2
-1,-1,-1,5:40:00,2
-1,-1,-1,3:03:00,2
-1,-1,-1,4:21:00,1
-1,-1,-1,21:03:00,1
-1,-1,1,3:03:00,11
-1,-1,1,21:22:00,7
-1,-1,1,18:15:00,4
-1,-1,1,21:03:00,4
-1,-1,1,1:05:00,3
-1,-1,1,3:55:00,1
-1,-1,1,21:04:00,1
-1,-1,1,12:54:00,1
-1,1,-1,9:35:00,12
-1,1,-1,8:40:00,12
-1,1,-1,6:06:00,12
-1,1,-1,19:32:00,9
-1,1,-1,18:41:00,9
-1,1,-1,6:05:00,8
-1,1,-1,19:00:00,7
-1,1,-1,11:28:00,7
-1,1,-1,12:31:00,7
-1,1,-1,8:35:00,6
-1,1,-1,5:58:00,6
-1,1,-1,4:11:00,6
-1,1,-1,5:06:00,6
-1,1,-1,3:16:00,6
-1,1,-1,17:26:00,6
-1,1,-1,8:03:00,6
-1,1,-1,2:53:00,6
-1,1,-1,1:25:00,6
-1,1,-1,8:36:00,6
-1,1,-1,6:37:00,6
-1,1,-1,11:15:00,6
-1,1,-1,21:55:00,6
-1,1,-1,23:35:00,6
-1,1,-1,23:00:00,6
-1,1,-1,9:30:00,5
-1,1,-1,18:14:00,5
-1,1,-1,10:55:00,5
-1,1,-1,14:40:00,5
-1,1,-1,17:50:00,5
-1,1,-1,23:30:00,5
-1,1,-1,22:18:00,4
-1,1,-1,15:45:00,4
-1,1,-1,13:57:00,4
-1,1,-1,8:00:00,3
-1,1,-1,18:44:00,3
-1,1,-1,10:00:00,3
-1,1,-1,8:50:00,3
-1,1,-1,0:00:00,3
-1,1,-1,21:30:00,2
-1,1,-1,7:19:00,2
-1,1,-1,5:49:00,2
-1,1,-1,5:40:00,2
-1,1,-1,8:45:00,2
-1,1,-1,10:01:00,2
-1,1,-1,2:46:00,2
-1,1,-1,16:45:00,2
-1,1,-1,15:15:00,1
-1,1,-1,10:19:00,1
-1,1,-1,15:25:00,1
-1,1,-1,6:21:00,1
-1,1,-1,6:08:00,1
-1,1,-1,19:11:00,1
-1,1,1,3:00:00,13
-1,1,1,21:30:00,12
-1,1,1,16:45:00,12
-1,1,1,17:15:00,12
-1,1,1,8:00:00,11
-1,1,1,4:10:00,9
-1,1,1,7:00:00,9
-1,1,1,23:48:00,8
-1,1,1,14:40:00,8
-1,1,1,2:11:00,8
-1,1,1,11:06:00,8
-1,1,1,19:49:00,7
-1,1,1,23:04:00,7
-1,1,1,22:33:00,7
-1,1,1,6:37:00,7
-1,1,1,0:48:00,7
-1,1,1,1:32:00,7
-1,1,1,2:18:00,7
-1,1,1,6:51:00,7
-1,1,1,7:35:00,7
-1,1,1,8:20:00,7
-1,1,1,9:00:00,7
-1,1,1,9:42:00,7
-1,1,1,11:49:00,7
-1,1,1,10:24:00,7
-1,1,1,3:11:00,7
-1,1,1,5:46:00,7
-1,1,1,4:40:00,7
-1,1,1,3:54:00,7
-1,1,1,9:30:00,6
-1,1,1,6:34:00,6
-1,1,1,5:04:00,6
-1,1,1,4:21:00,6
-1,1,1,3:37:00,6
-1,1,1,2:10:00,6
-1,1,1,0:35:00,6
-1,1,1,1:45:00,6
-1,1,1,22:27:00,6
-1,1,1,8:50:00,6
-1,1,1,22:45:00,6
-1,1,1,6:08:00,6
-1,1,1,7:10:00,5
-1,1,1,6:30:00,5
-1,1,1,4:55:00,5
-1,1,1,16:00:00,5
-1,1,1,10:10:00,5
-1,1,1,11:40:00,5
-1,1,1,12:25:00,5
-1,1,1,13:40:00,5
-1,1,1,13:10:00,5
-1,1,1,18:10:00,5
-1,1,1,23:17:00,5
-1,1,1,21:44:00,5
-1,1,1,0:04:00,5
-1,1,1,21:10:00,5
-1,1,1,5:49:00,4
-1,1,1,7:19:00,4
-1,1,1,15:40:00,4
-1,1,1,15:15:00,4
-1,1,1,9:45:00,4
-1,1,1,15:45:00,4
-1,1,1,17:50:00,4
-1,1,1,0:00:00,4
-1,1,1,10:19:00,3
-1,1,1,22:18:00,3
-1,1,1,8:45:00,3
-1,1,1,5:40:00,3
-1,1,1,4:15:00,3
-1,1,1,3:40:00,3
-1,1,1,10:00:00,3
-1,1,1,13:57:00,3
-1,1,1,7:46:00,2
-1,1,1,4:06:00,2
-1,1,1,6:21:00,2
-1,1,1,20:25:00,2
-1,1,1,18:14:00,1
-1,1,1,6:20:00,1
-1,1,1,1:07:00,1
-1,1,1,8:27:00,1
-1,1,1,5:34:00,1
-1,1,1,18:02:00,1
-1,1,1,22:50:00,1
-1,1,1,16:29:00,1
-1,1,1,23:02:00,1
-1,1,1,15:46:00,1
-1,1,1,4:59:00,1
-1,1,1,0:31:00,1
-1,1,1,7:08:00,1
-1,1,1,6:25:00,1
-1,1,1,1:16:00,1
-1,1,1,5:13:00,1
-1,1,1,6:06:00,1
-1,1,1,6:05:00,1
-1,1,1,18:55:00,1
-1,1,1,18:16:00,1
1,-1,-1,3:30:00,11
1,-1,-1,19:30:00,9
1,-1,-1,6:51:00,9
1,-1,-1,12:20:00,8
1,-1,-1,16:30:00,8
1,-1,-1,5:30:00,7
1,-1,-1,4:05:00,7
1,-1,-1,7:46:00,7
1,-1,-1,14:52:00,7
1,-1,-1,2:00:00,7
1,-1,-1,15:35:00,7
1,-1,-1,23:16:00,6
1,-1,-1,4:03:00,6
1,-1,-1,0:56:00,6
1,-1,-1,21:07:00,6
1,-1,-1,3:38:00,6
1,-1,-1,17:51:00,6
1,-1,-1,17:08:00,6
1,-1,-1,22:00:00,6
1,-1,-1,16:03:00,6
1,-1,-1,6:50:00,6
1,-1,-1,2:05:00,6
1,-1,-1,6:54:00,6
1,-1,-1,6:11:00,6
1,-1,-1,13:26:00,6
1,-1,-1,19:20:00,6
1,-1,-1,22:30:00,6
1,-1,-1,4:21:00,5
1,-1,-1,23:25:00,5
1,-1,-1,12:27:00,5
1,-1,-1,4:24:00,5
1,-1,-1,18:42:00,5
1,-1,-1,17:35:00,5
1,-1,-1,3:45:00,4
1,-1,-1,19:00:00,4
1,-1,-1,2:50:00,4
1,-1,-1,5:40:00,4
1,-1,-1,13:25:00,3
1,-1,-1,16:57:00,3
1,-1,-1,16:19:00,2
1,-1,-1,15:25:00,2
1,-1,-1,23:15:00,2
1,-1,-1,7:45:00,2
1,-1,-1,22:27:00,1
1,-1,-1,17:15:00,1
1,-1,-1,12:08:00,1
1,-1,-1,21:27:00,1
1,-1,1,21:41:00,14
1,-1,1,18:25:00,13
1,-1,1,12:08:00,11
1,-1,1,12:10:00,11
1,-1,1,22:30:00,10
1,-1,1,12:40:00,9
1,-1,1,8:10:00,9
1,-1,1,22:05:00,9
1,-1,1,19:25:00,9
1,-1,1,10:45:00,9
1,-1,1,10:00:00,9
1,-1,1,23:15:00,8
1,-1,1,15:25:00,8
1,-1,1,22:50:00,8
1,-1,1,23:45:00,8
1,-1,1,3:55:00,7
1,-1,1,18:15:00,7
1,-1,1,23:00:00,7
1,-1,1,3:30:00,7
1,-1,1,7:14:00,7
1,-1,1,8:35:00,7
1,-1,1,21:50:00,7
1,-1,1,8:55:00,7
1,-1,1,18:52:00,6
1,-1,1,19:45:00,6
1,-1,1,16:40:00,6
1,-1,1,7:10:00,6
1,-1,1,14:48:00,6
1,-1,1,7:41:00,6
1,-1,1,10:41:00,6
1,-1,1,9:55:00,6
1,-1,1,9:12:00,6
1,-1,1,20:22:00,6
1,-1,1,5:00:00,6
1,-1,1,11:51:00,6
1,-1,1,16:30:00,6
1,-1,1,14:50:00,6
1,-1,1,12:34:00,6
1,-1,1,19:40:00,6
1,-1,1,4:20:00,6
1,-1,1,0:30:00,5
1,-1,1,19:00:00,5
1,-1,1,7:30:00,5
1,-1,1,1:45:00,5
1,-1,1,2:55:00,5
1,-1,1,18:57:00,5
1,-1,1,1:35:00,5
1,-1,1,1:40:00,5
1,-1,1,18:53:00,5
1,-1,1,18:00:00,5
1,-1,1,15:44:00,4
1,-1,1,20:19:00,4
1,-1,1,2:40:00,4
1,-1,1,4:55:00,4
1,-1,1,21:27:00,4
1,-1,1,21:22:00,4
1,-1,1,0:52:00,4
1,-1,1,10:35:00,4
1,-1,1,16:45:00,4
1,-1,1,4:30:59,4
1,-1,1,3:25:00,4
1,-1,1,3:05:00,3
1,-1,1,11:35:00,3
1,-1,1,2:00:00,3
1,-1,1,21:04:00,3
1,-1,1,13:25:00,3
1,-1,1,2:44:00,3
1,-1,1,13:05:00,3
1,-1,1,10:43:00,3
1,-1,1,7:40:00,2
1,-1,1,18:45:00,2
1,-1,1,3:45:00,2
1,-1,1,1:05:00,2
1,-1,1,2:50:00,2
1,-1,1,9:08:00,2
1,-1,1,6:50:00,2
1,-1,1,23:25:00,2
1,-1,1,22:24:00,2
1,-1,1,22:45:00,2
1,-1,1,16:07:00,2
1,-1,1,18:24:00,2
1,-1,1,9:04:00,2
1,-1,1,13:50:00,2
1,-1,1,3:27:00,1
1,-1,1,11:06:00,1
1,-1,1,4:05:00,1
1,-1,1,5:30:00,1
1,-1,1,18:32:00,1
1,-1,1,10:03:00,1
1,-1,1,23:18:00,1
1,-1,1,1:00:00,1
1,-1,1,12:30:00,1
1,-1,1,21:09:00,1
1,-1,1,7:54:00,1
1,-1,1,19:39:00,1
1,-1,1,17:00:00,1
1,-1,1,15:32:00,1
1,-1,1,11:02:00,1
1,-1,1,7:50:00,1
1,-1,1,21:42:00,1
1,-1,1,0:49:00,1
1,1,-1,15:24:00,12
1,1,-1,7:15:00,12
1,1,-1,10:19:00,12
1,1,-1,12:53:00,11
1,1,-1,8:05:00,9
1,1,-1,9:32:00,9
1,1,-1,10:31:00,9
1,1,-1,9:25:00,8
1,1,-1,15:35:00,8
1,1,-1,1:05:00,8
1,1,-1,6:10:00,8
1,1,-1,11:35:00,8
1,1,-1,10:10:00,7
1,1,-1,22:05:00,7
1,1,-1,6:02:00,6
1,1,-1,11:07:00,6
1,1,-1,19:31:00,6
1,1,-1,3:40:00,6
1,1,-1,22:25:00,6
1,1,-1,8:25:00,6
1,1,-1,4:00:00,6
1,1,-1,6:40:00,6
1,1,-1,15:13:00,5
1,1,-1,11:50:00,5
1,1,-1,17:15:00,5
1,1,-1,21:00:00,5
1,1,-1,21:30:00,5
1,1,-1,19:11:00,4
1,1,-1,7:20:00,3
1,1,-1,10:01:00,3
1,1,-1,15:38:00,3
1,1,-1,21:25:00,3
1,1,-1,9:00:00,3
1,1,-1,5:20:00,2
1,1,-1,8:28:00,2
1,1,-1,8:45:00,2
1,1,-1,18:44:00,2
1,1,-1,9:05:00,2
1,1,-1,22:30:00,2
1,1,-1,7:45:00,2
1,1,-1,2:03:00,1
1,1,-1,22:27:00,1
1,1,-1,20:13:00,1
1,1,-1,19:39:00,1
1,1,-1,8:36:00,1
1,1,-1,2:46:00,1
1,1,-1,12:10:00,1
1,1,-1,20:15:00,1
1,1,-1,11:48:00,1
1,1,-1,4:08:00,1
1,1,-1,23:30:00,1
1,1,-1,15:40:00,1
1,1,-1,8:11:00,1
1,1,1,5:45:00,67
1,1,1,14:05:00,65
1,1,1,18:55:00,65
1,1,1,2:00:00,64
1,1,1,19:40:00,62
1,1,1,17:40:00,62
1,1,1,15:40:00,61
1,1,1,6:25:00,60
1,1,1,16:50:00,57
1,1,1,12:00:00,56
1,1,1,23:40:00,55
1,1,1,4:10:00,54
1,1,1,1:25:00,54
1,1,1,23:25:00,53
1,1,1,5:00:00,53
1,1,1,7:00:00,53
1,1,1,3:40:00,52
1,1,1,22:40:00,52
1,1,1,3:10:00,52
1,1,1,4:45:00,51
1,1,1,2:40:00,50
1,1,1,3:55:00,49
1,1,1,0:35:00,49
1,1,1,19:10:00,48
1,1,1,21:10:00,48
1,1,1,7:20:00,47
1,1,1,21:55:00,46
1,1,1,0:45:00,44
1,1,1,7:40:00,44
1,1,1,10:25:00,44
1,1,1,22:00:00,43
1,1,1,7:30:00,43
1,1,1,11:45:00,43
1,1,1,22:55:00,43
1,1,1,5:55:00,43
1,1,1,2:30:00,43
1,1,1,0:01:00,42
1,1,1,2:45:00,42
1,1,1,6:05:00,41
1,1,1,19:55:00,41
1,1,1,17:50:00,41
1,1,1,20:10:00,41
1,1,1,11:25:00,41
1,1,1,1:10:00,41
1,1,1,10:30:00,40
1,1,1,2:55:00,40
1,1,1,0:00:00,40
1,1,1,14:35:00,40
1,1,1,2:15:00,40
1,1,1,19:20:00,39
1,1,1,13:10:00,39
1,1,1,4:40:00,39
1,1,1,19:30:00,38
1,1,1,1:58:00,38
1,1,1,9:35:00,38
1,1,1,20:05:00,37
1,1,1,4:20:00,37
1,1,1,4:55:00,37
1,1,1,10:40:00,37
1,1,1,3:00:00,37
1,1,1,6:45:00,36
1,1,1,17:05:00,36
1,1,1,20:40:00,36
1,1,1,3:35:00,36
1,1,1,20:45:00,36
1,1,1,3:20:00,36
1,1,1,15:10:00,36
1,1,1,13:25:00,36
1,1,1,11:05:00,36
1,1,1,18:45:00,35
1,1,1,17:45:00,35
1,1,1,15:00:00,35
1,1,1,12:30:00,35
1,1,1,15:55:00,35
1,1,1,18:10:00,35
1,1,1,12:10:00,35
1,1,1,20:50:00,35
1,1,1,21:30:00,35
1,1,1,12:15:00,34
1,1,1,0:10:00,34
1,1,1,16:05:00,34
1,1,1,2:10:00,34
1,1,1,6:20:00,34
1,1,1,17:10:00,34
1,1,1,0:25:00,34
1,1,1,18:00:00,33
1,1,1,14:55:00,33
1,1,1,15:25:00,33
1,1,1,8:15:00,33
1,1,1,15:20:00,33
1,1,1,22:30:00,33
1,1,1,11:35:00,33
1,1,1,4:00:00,33
1,1,1,8:00:00,33
1,1,1,8:20:00,33
1,1,1,6:35:00,33
1,1,1,1:16:00,33
1,1,1,1:45:00,33
1,1,1,12:55:00,32
1,1,1,1:50:00,32
1,1,1,22:45:00,32
1,1,1,1:40:00,32
1,1,1,18:20:00,32
1,1,1,22:05:00,32
1,1,1,17:25:00,32
1,1,1,0:41:00,32
1,1,1,16:40:00,32
1,1,1,7:58:00,32
1,1,1,23:00:00,32
1,1,1,22:15:00,32
1,1,1,16:19:00,32
1,1,1,9:00:00,32
1,1,1,13:35:00,31
1,1,1,0:40:00,31
1,1,1,18:35:00,31
1,1,1,6:40:00,31
1,1,1,7:05:00,31
1,1,1,7:35:00,30
1,1,1,19:00:00,30
1,1,1,9:50:00,30
1,1,1,17:55:00,30
1,1,1,1:20:00,30
1,1,1,5:40:00,30
1,1,1,9:05:00,30
1,1,1,20:23:00,30
1,1,1,12:54:00,30
1,1,1,16:38:00,29
1,1,1,10:00:00,29
1,1,1,8:45:00,29
1,1,1,6:32:00,29
1,1,1,23:35:00,29
1,1,1,21:25:00,29
1,1,1,13:21:00,29
1,1,1,16:20:00,29
1,1,1,5:25:00,29
1,1,1,20:25:00,29
1,1,1,22:17:00,29
1,1,1,9:20:00,29
1,1,1,2:18:00,29
1,1,1,20:15:00,28
1,1,1,2:03:00,28
1,1,1,20:20:00,28
1,1,1,18:25:00,28
1,1,1,7:45:00,28
1,1,1,22:27:00,28
1,1,1,12:36:00,28
1,1,1,10:47:00,28
1,1,1,13:50:00,28
1,1,1,0:52:00,28
1,1,1,10:15:00,28
1,1,1,1:32:00,28
1,1,1,14:24:00,28
1,1,1,12:35:00,28
1,1,1,8:25:00,28
1,1,1,14:10:00,28
1,1,1,6:00:00,28
1,1,1,19:05:00,27
1,1,1,8:05:00,27
1,1,1,3:25:00,27
1,1,1,18:40:00,27
1,1,1,3:30:00,27
1,1,1,23:15:00,27
1,1,1,6:15:00,27
1,1,1,9:55:00,27
1,1,1,19:54:00,27
1,1,1,20:55:00,27
1,1,1,17:15:00,26
1,1,1,17:26:00,26
1,1,1,9:10:00,26
1,1,1,21:22:00,26
1,1,1,4:51:00,26
1,1,1,12:20:00,26
1,1,1,13:00:00,26
1,1,1,7:25:00,26
1,1,1,21:05:00,25
1,1,1,18:11:00,25
1,1,1,21:48:00,25
1,1,1,16:25:00,25
1,1,1,19:45:00,25
1,1,1,2:25:00,25
1,1,1,15:30:00,25
1,1,1,16:24:00,25
1,1,1,0:11:00,25
1,1,1,20:38:00,25
1,1,1,22:54:00,25
1,1,1,18:50:00,25
1,1,1,4:49:00,25
1,1,1,8:30:00,24
1,1,1,23:08:00,24
1,1,1,14:36:00,24
1,1,1,18:03:00,24
1,1,1,3:22:00,24
1,1,1,10:55:00,24
1,1,1,6:30:00,24
1,1,1,18:30:00,24
1,1,1,22:10:00,24
1,1,1,20:35:00,24
1,1,1,11:22:00,24
1,1,1,9:43:00,24
1,1,1,4:30:00,23
1,1,1,1:15:00,23
1,1,1,6:57:00,23
1,1,1,5:30:00,23
1,1,1,18:15:00,23
1,1,1,2:50:00,23
1,1,1,21:09:00,23
1,1,1,12:45:00,23
1,1,1,13:30:00,23
1,1,1,21:47:00,22
1,1,1,16:30:00,22
1,1,1,9:03:00,22
1,1,1,17:30:00,22
1,1,1,14:15:00,22
1,1,1,17:20:00,22
1,1,1,19:39:00,22
1,1,1,16:15:00,22
1,1,1,5:05:00,22
1,1,1,23:10:00,22
1,1,1,2:38:00,22
1,1,1,23:02:00,22
1,1,1,14:50:00,22
1,1,1,0:55:00,22
1,1,1,3:51:00,22
1,1,1,3:50:00,21
1,1,1,4:35:00,21
1,1,1,21:20:00,21
1,1,1,11:40:00,21
1,1,1,5:50:00,21
1,1,1,17:00:00,21
1,1,1,8:40:00,21
1,1,1,9:22:00,21
1,1,1,4:03:00,21
1,1,1,22:49:00,21
1,1,1,23:38:00,21
1,1,1,5:13:00,21
1,1,1,6:16:00,21
1,1,1,9:45:00,21
1,1,1,14:26:00,21
1,1,1,2:35:00,21
1,1,1,10:05:00,21
1,1,1,21:00:00,20
1,1,1,22:04:00,20
1,1,1,1:55:00,20
1,1,1,9:24:00,20
1,1,1,1:34:00,20
1,1,1,5:35:00,20
1,1,1,4:02:00,20
1,1,1,4:15:00,20
1,1,1,3:19:00,20
1,1,1,1:30:00,20
1,1,1,0:31:00,20
1,1,1,20:37:00,20
1,1,1,19:51:00,20
1,1,1,3:24:00,20
1,1,1,19:43:00,20
1,1,1,14:11:00,20
1,1,1,22:32:00,19
1,1,1,14:08:00,19
1,1,1,3:27:00,19
1,1,1,3:05:00,19
1,1,1,1:17:00,19
1,1,1,16:42:00,19
1,1,1,15:35:00,19
1,1,1,7:12:00,19
1,1,1,5:27:00,19
1,1,1,11:20:00,19
1,1,1,12:40:00,19
1,1,1,14:43:00,19
1,1,1,19:27:00,19
1,1,1,8:43:00,19
1,1,1,17:07:00,19
1,1,1,1:00:00,19
1,1,1,11:12:00,19
1,1,1,8:55:00,19
1,1,1,21:26:00,19
1,1,1,11:55:00,19
1,1,1,9:16:00,19
1,1,1,15:56:00,19
1,1,1,4:04:00,19
1,1,1,23:45:00,19
1,1,1,22:41:00,19
1,1,1,8:50:00,19
1,1,1,8:31:00,19
1,1,1,13:41:00,19
1,1,1,0:48:00,19
1,1,1,10:31:00,19
1,1,1,22:20:00,18
1,1,1,14:54:00,18
1,1,1,7:03:00,18
1,1,1,23:18:00,18
1,1,1,20:42:00,18
1,1,1,7:50:00,18
1,1,1,3:42:00,18
1,1,1,19:15:00,18
1,1,1,22:50:00,18
1,1,1,0:15:00,18
1,1,1,0:03:00,18
1,1,1,14:41:00,18
1,1,1,3:14:00,18
1,1,1,10:43:00,18
1,1,1,8:27:00,18
1,1,1,21:13:00,18
1,1,1,12:50:00,18
1,1,1,1:44:00,18
1,1,1,0:56:00,18
1,1,1,11:04:00,18
1,1,1,10:01:00,18
1,1,1,9:04:00,18
1,1,1,1:04:00,18
1,1,1,0:20:00,18
1,1,1,22:34:00,17
1,1,1,19:35:00,17
1,1,1,5:20:00,17
1,1,1,2:05:00,17
1,1,1,13:51:00,17
1,1,1,18:07:00,17
1,1,1,21:49:00,17
1,1,1,11:15:00,17
1,1,1,18:49:00,17
1,1,1,10:46:00,17
1,1,1,4:28:00,17
1,1,1,6:22:00,17
1,1,1,0:02:00,17
1,1,1,16:00:00,17
1,1,1,18:22:00,17
1,1,1,19:02:00,17
1,1,1,10:04:00,17
1,1,1,3:15:00,17
1,1,1,23:20:00,16
1,1,1,0:07:00,16
1,1,1,17:29:00,16
1,1,1,6:55:00,16
1,1,1,14:18:00,16
1,1,1,5:41:00,16
1,1,1,10:10:00,16
1,1,1,10:50:00,16
1,1,1,0:06:00,16
1,1,1,15:15:00,16
1,1,1,11:27:00,16
1,1,1,11:00:00,16
1,1,1,8:24:00,16
1,1,1,17:21:00,16
1,1,1,9:38:00,16
1,1,1,16:55:00,16
1,1,1,21:53:00,16
1,1,1,5:12:00,16
1,1,1,8:49:00,16
1,1,1,21:33:00,16
1,1,1,7:44:00,16
1,1,1,1:22:00,16
1,1,1,9:40:00,16
1,1,1,13:29:00,16
1,1,1,18:42:00,16
1,1,1,12:44:00,16
1,1,1,9:53:00,16
1,1,1,2:20:00,16
1,1,1,23:41:00,16
1,1,1,1:27:00,15
1,1,1,8:19:00,15
1,1,1,11:54:00,15
1,1,1,10:33:00,15
1,1,1,5:07:00,15
1,1,1,2:28:00,15
1,1,1,2:41:00,15
1,1,1,7:15:00,15
1,1,1,23:17:00,15
1,1,1,22:42:00,15
1,1,1,19:59:00,15
1,1,1,22:03:00,15
1,1,1,9:18:00,15
1,1,1,6:29:00,15
1,1,1,17:52:00,15
1,1,1,13:45:00,15
1,1,1,14:30:00,15
1,1,1,17:48:00,15
1,1,1,15:45:00,15
1,1,1,3:23:00,15
1,1,1,21:43:00,15
1,1,1,20:58:00,15
1,1,1,8:38:00,15
1,1,1,7:06:00,15
1,1,1,6:37:00,15
1,1,1,20:30:00,15
1,1,1,0:50:00,14
1,1,1,11:14:00,14
1,1,1,5:15:00,14
1,1,1,23:50:00,14
1,1,1,9:15:00,14
1,1,1,15:50:00,14
1,1,1,23:04:00,14
1,1,1,15:16:00,14
1,1,1,15:58:00,14
1,1,1,17:22:00,14
1,1,1,0:43:00,14
1,1,1,11:06:00,14
1,1,1,13:05:00,14
1,1,1,21:15:00,14
1,1,1,21:50:00,14
1,1,1,9:47:00,14
1,1,1,2:26:00,14
1,1,1,4:06:00,14
1,1,1,5:34:00,14
1,1,1,9:13:00,14
1,1,1,4:48:00,14
1,1,1,9:32:00,14
1,1,1,3:32:00,14
1,1,1,12:47:00,14
1,1,1,12:05:00,14
1,1,1,8:23:00,14
1,1,1,5:32:00,14
1,1,1,4:08:00,14
1,1,1,23:46:00,14
1,1,1,18:05:00,14
1,1,1,2:06:00,14
1,1,1,19:13:00,14
1,1,1,8:08:00,14
1,1,1,21:35:00,14
1,1,1,14:45:00,13
1,1,1,20:26:00,13
1,1,1,0:12:00,13
1,1,1,23:51:00,13
1,1,1,1:18:00,13
1,1,1,13:57:00,13
1,1,1,0:44:00,13
1,1,1,1:26:00,13
1,1,1,13:13:00,13
1,1,1,19:25:00,13
1,1,1,21:36:00,13
1,1,1,23:22:00,13
1,1,1,4:25:00,13
1,1,1,20:00:00,13
1,1,1,11:50:00,13
1,1,1,12:09:00,13
1,1,1,6:49:00,13
1,1,1,6:07:00,13
1,1,1,18:37:00,13
1,1,1,2:37:00,13
1,1,1,23:53:00,13
1,1,1,17:38:00,13
1,1,1,23:58:00,13
1,1,1,14:25:00,13
1,1,1,13:54:00,13
1,1,1,5:31:00,13
1,1,1,5:38:00,13
1,1,1,2:31:00,13
1,1,1,11:49:00,13
1,1,1,17:16:00,13
1,1,1,14:53:00,13
1,1,1,22:08:00,13
1,1,1,1:54:00,13
1,1,1,11:24:00,13
1,1,1,17:08:00,13
1,1,1,15:33:00,13
1,1,1,5:11:00,13
1,1,1,15:12:00,13
1,1,1,12:07:00,13
1,1,1,15:57:00,13
1,1,1,3:07:00,13
1,1,1,15:02:00,13
1,1,1,10:16:00,13
1,1,1,23:47:00,13
1,1,1,0:42:00,13
1,1,1,8:42:00,13
1,1,1,6:46:00,13
1,1,1,7:01:00,13
1,1,1,6:36:00,13
1,1,1,17:53:00,13
1,1,1,4:36:00,13
1,1,1,5:17:00,13
1,1,1,11:23:00,13
1,1,1,9:48:00,12
1,1,1,3:03:00,12
1,1,1,13:19:00,12
1,1,1,23:05:00,12
1,1,1,21:06:00,12
1,1,1,11:30:00,12
1,1,1,7:42:00,12
1,1,1,4:24:00,12
1,1,1,5:04:00,12
1,1,1,11:10:00,12
1,1,1,14:32:00,12
1,1,1,7:57:00,12
1,1,1,13:37:00,12
1,1,1,15:42:00,12
1,1,1,3:16:00,12
1,1,1,19:49:00,12
1,1,1,13:15:00,12
1,1,1,9:30:00,12
1,1,1,16:37:00,12
1,1,1,18:47:00,12
1,1,1,18:06:00,12
1,1,1,4:22:00,12
1,1,1,2:12:00,12
1,1,1,7:38:00,12
1,1,1,8:18:00,12
1,1,1,8:58:00,12
1,1,1,9:36:00,12
1,1,1,16:04:00,12
1,1,1,13:28:00,12
1,1,1,12:48:00,12
1,1,1,11:29:00,12
1,1,1,10:51:00,12
1,1,1,10:14:00,12
1,1,1,6:10:00,12
1,1,1,12:13:00,12
1,1,1,13:39:00,12
1,1,1,7:48:00,12
1,1,1,4:54:00,12
1,1,1,23:55:00,12
1,1,1,0:21:00,12
1,1,1,19:32:00,12
1,1,1,4:52:00,12
1,1,1,19:38:00,12
1,1,1,23:27:00,12
1,1,1,18:08:00,12
1,1,1,18:02:00,12
1,1,1,16:29:00,12
1,1,1,0:05:00,12
1,1,1,23:48:00,12
1,1,1,7:52:00,12
1,1,1,9:58:00,12
1,1,1,14:49:00,12
1,1,1,12:31:00,12
1,1,1,12:26:00,12
1,1,1,5:10:00,12
1,1,1,22:29:00,12
1,1,1,19:28:00,12
1,1,1,16:10:00,12
1,1,1,0:30:00,12
1,1,1,5:18:00,12
1,1,1,4:50:00,12
1,1,1,21:46:00,11
1,1,1,18:16:00,11
1,1,1,8:21:00,11
1,1,1,9:01:00,11
1,1,1,9:42:00,11
1,1,1,14:29:00,11
1,1,1,2:11:00,11
1,1,1,8:39:00,11
1,1,1,18:32:00,11
1,1,1,14:00:00,11
1,1,1,15:14:00,11
1,1,1,4:05:00,11
1,1,1,11:11:00,11
1,1,1,21:02:00,11
1,1,1,11:31:00,11
1,1,1,7:54:00,11
1,1,1,0:46:00,11
1,1,1,21:45:00,11
1,1,1,19:06:00,11
1,1,1,22:07:00,11
1,1,1,9:07:00,11
1,1,1,6:14:00,11
1,1,1,6:56:00,11
1,1,1,2:46:00,11
1,1,1,4:12:00,11
1,1,1,14:40:00,11
1,1,1,23:54:00,11
1,1,1,10:23:00,11
1,1,1,19:31:00,11
1,1,1,21:07:00,11
1,1,1,15:29:00,11
1,1,1,7:16:00,11
1,1,1,12:37:00,11
1,1,1,5:56:00,11
1,1,1,19:11:00,11
1,1,1,2:22:00,11
1,1,1,13:58:00,11
1,1,1,22:31:00,11
1,1,1,20:17:00,11
1,1,1,16:07:00,10
1,1,1,13:06:00,10
1,1,1,11:47:00,10
1,1,1,5:09:00,10
1,1,1,5:49:00,10
1,1,1,1:29:00,10
1,1,1,0:00:01,10
1,1,1,13:17:00,10
1,1,1,18:31:00,10
1,1,1,1:07:00,10
1,1,1,17:04:00,10
1,1,1,23:52:00,10
1,1,1,7:59:00,10
1,1,1,7:13:00,10
1,1,1,4:56:00,10
1,1,1,8:46:00,10
1,1,1,21:34:00,10
1,1,1,20:51:00,10
1,1,1,23:01:00,10
1,1,1,10:18:00,10
1,1,1,2:43:00,10
1,1,1,4:53:00,10
1,1,1,13:36:00,10
1,1,1,7:51:00,10
1,1,1,16:59:00,10
1,1,1,5:37:00,10
1,1,1,4:09:00,10
1,1,1,13:40:00,10
1,1,1,0:08:00,10
1,1,1,22:09:00,10
1,1,1,21:28:00,10
1,1,1,16:35:00,10
1,1,1,16:16:00,10
1,1,1,20:34:00,10
1,1,1,0:13:00,9
1,1,1,9:25:00,9
1,1,1,21:21:00,9
1,1,1,19:17:00,9
1,1,1,20:19:00,9
1,1,1,22:18:00,9
1,1,1,6:19:00,9
1,1,1,1:28:00,9
1,1,1,13:20:00,9
1,1,1,22:12:00,9
1,1,1,20:36:00,9
1,1,1,10:20:00,9
1,1,1,23:56:00,9
1,1,1,15:18:00,9
1,1,1,4:44:00,9
1,1,1,5:24:00,9
1,1,1,2:42:00,9
1,1,1,2:02:00,9
1,1,1,11:02:00,9
1,1,1,11:48:00,9
1,1,1,20:48:00,9
1,1,1,0:19:00,9
1,1,1,11:16:00,9
1,1,1,6:06:00,9
1,1,1,5:22:00,9
1,1,1,4:39:00,9
1,1,1,3:56:00,9
1,1,1,3:13:00,9
1,1,1,13:24:00,9
1,1,1,10:35:00,9
1,1,1,16:09:00,9
1,1,1,14:47:00,9
1,1,1,12:02:00,9
1,1,1,7:41:00,9
1,1,1,1:52:00,9
1,1,1,1:08:00,9
1,1,1,8:37:00,9
1,1,1,7:17:00,9
1,1,1,4:33:00,9
1,1,1,3:09:00,9
1,1,1,1:43:00,9
1,1,1,0:22:00,9
1,1,1,17:01:00,9
1,1,1,18:27:00,9
1,1,1,5:52:00,9
1,1,1,4:31:00,9
1,1,1,0:28:00,9
1,1,1,7:10:00,9
1,1,1,13:18:00,8
1,1,1,18:46:00,8
1,1,1,9:49:00,8
1,1,1,21:23:00,8
1,1,1,23:26:00,8
1,1,1,0:09:00,8
1,1,1,0:34:00,8
1,1,1,5:02:00,8
1,1,1,17:35:00,8
1,1,1,5:43:00,8
1,1,1,18:44:00,8
1,1,1,18:34:00,8
1,1,1,20:07:00,8
1,1,1,14:02:00,8
1,1,1,20:52:00,8
1,1,1,0:51:00,8
1,1,1,3:48:00,8
1,1,1,1:49:00,8
1,1,1,12:27:00,8
1,1,1,13:07:00,8
1,1,1,15:08:00,8
1,1,1,16:27:00,8
1,1,1,18:28:00,8
1,1,1,19:50:00,8
1,1,1,23:14:00,8
1,1,1,1:46:00,8
1,1,1,17:27:00,8
1,1,1,22:37:00,8
1,1,1,20:33:00,8
1,1,1,19:53:00,8
1,1,1,21:14:00,8
1,1,1,16:31:00,8
1,1,1,17:19:00,8
1,1,1,10:19:00,7
1,1,1,20:13:00,7
1,1,1,3:34:00,7
1,1,1,2:49:00,7
1,1,1,7:28:00,7
1,1,1,6:42:00,7
1,1,1,5:54:00,7
1,1,1,4:21:00,7
1,1,1,1:21:00,7
1,1,1,6:13:00,7
1,1,1,2:14:00,7
1,1,1,19:47:00,7
1,1,1,15:13:00,7
1,1,1,1:53:00,7
1,1,1,18:56:00,7
1,1,1,11:26:00,7
1,1,1,15:09:00,7
1,1,1,10:41:00,7
1,1,1,9:56:00,7
1,1,1,2:57:00,7
1,1,1,10:45:00,7
1,1,1,19:09:00,7
1,1,1,5:06:00,7
1,1,1,4:19:00,7
1,1,1,0:33:00,7
1,1,1,5:42:00,7
1,1,1,21:41:00,7
1,1,1,13:34:00,7
1,1,1,14:17:00,7
1,1,1,12:51:00,7
1,1,1,10:42:00,7
1,1,1,14:56:00,7
1,1,1,4:46:00,7
1,1,1,14:12:00,7
1,1,1,12:17:00,7
1,1,1,10:08:00,7
1,1,1,19:34:00,7
1,1,1,23:16:00,7
1,1,1,20:18:00,7
1,1,1,11:34:00,7
1,1,1,21:01:00,7
1,1,1,22:23:00,7
1,1,1,21:32:00,7
1,1,1,19:37:00,7
1,1,1,8:33:00,7
1,1,1,2:01:00,7
1,1,1,15:22:00,7
1,1,1,16:46:00,7
1,1,1,18:13:00,7
1,1,1,19:18:00,7
1,1,1,19:58:00,7
1,1,1,21:19:00,7
1,1,1,23:21:00,7
1,1,1,18:51:00,7
1,1,1,8:03:00,7
1,1,1,9:23:00,7
1,1,1,4:47:00,7
1,1,1,8:04:00,7
1,1,1,23:11:00,7
1,1,1,16:14:00,7
1,1,1,16:58:00,7
1,1,1,19:44:00,7
1,1,1,0:37:00,7
1,1,1,2:34:00,7
1,1,1,11:13:00,7
1,1,1,12:34:00,7
1,1,1,8:34:00,7
1,1,1,21:17:00,7
1,1,1,23:43:00,7
1,1,1,18:19:00,7
1,1,1,16:57:00,7
1,1,1,12:06:00,7
1,1,1,6:08:00,7
1,1,1,10:44:00,7
1,1,1,9:26:00,7
1,1,1,8:47:00,7
1,1,1,7:29:00,7
1,1,1,22:02:00,7
1,1,1,23:31:00,7
1,1,1,8:06:00,7
1,1,1,18:36:00,7
1,1,1,20:09:00,7
1,1,1,17:49:00,7
1,1,1,12:03:00,7
1,1,1,14:04:00,7
1,1,1,14:48:00,7
1,1,1,8:11:00,7
1,1,1,11:58:00,6
1,1,1,12:38:00,6
1,1,1,16:48:00,6
1,1,1,22:28:00,6
1,1,1,13:38:00,6
1,1,1,13:27:00,6
1,1,1,15:03:00,6
1,1,1,2:23:00,6
1,1,1,12:21:00,6
1,1,1,11:38:00,6
1,1,1,10:24:00,6
1,1,1,20:43:00,6
1,1,1,6:23:00,6
1,1,1,0:29:00,6
1,1,1,1:06:00,6
1,1,1,1:48:00,6
1,1,1,1:05:00,6
1,1,1,12:19:00,6
1,1,1,10:53:00,6
1,1,1,13:01:00,6
1,1,1,13:44:00,6
1,1,1,20:22:00,6
1,1,1,2:16:00,6
1,1,1,2:58:00,6
1,1,1,13:46:00,6
1,1,1,5:47:00,6
1,1,1,6:31:00,6
1,1,1,7:14:00,6
1,1,1,9:21:00,6
1,1,1,12:53:00,6
1,1,1,14:19:00,6
1,1,1,4:11:00,6
1,1,1,0:47:00,6
1,1,1,5:29:00,6
1,1,1,12:01:00,6
1,1,1,23:33:00,6
1,1,1,22:53:00,6
1,1,1,14:52:00,6
1,1,1,19:29:00,6
1,1,1,0:17:00,6
1,1,1,6:58:00,6
1,1,1,20:12:00,6
1,1,1,18:48:00,6
1,1,1,20:57:00,6
1,1,1,22:25:00,6
1,1,1,12:43:00,6
1,1,1,8:13:00,6
1,1,1,16:56:00,6
1,1,1,16:53:00,6
1,1,1,16:03:00,6
1,1,1,3:21:00,6
1,1,1,17:44:00,6
1,1,1,10:37:00,6
1,1,1,15:05:00,6
1,1,1,17:42:00,6
1,1,1,18:38:00,6
1,1,1,14:13:00,6
1,1,1,12:25:00,6
1,1,1,4:59:00,6
1,1,1,7:08:00,6
1,1,1,15:46:00,6
1,1,1,15:32:00,6
1,1,1,21:29:00,6
1,1,1,22:52:00,6
1,1,1,23:36:00,6
1,1,1,20:08:00,6
1,1,1,13:55:00,6
1,1,1,3:59:00,6
1,1,1,0:53:00,6
1,1,1,23:42:00,6
1,1,1,19:04:00,6
1,1,1,14:22:00,6
1,1,1,11:39:00,6
1,1,1,10:57:00,6
1,1,1,8:51:00,6
1,1,1,8:09:00,6
1,1,1,7:22:00,6
1,1,1,17:37:00,6
1,1,1,18:17:00,6
1,1,1,22:59:00,6
1,1,1,20:54:00,6
1,1,1,19:24:00,6
1,1,1,2:47:00,6
1,1,1,3:37:00,6
1,1,1,12:23:00,6
1,1,1,9:09:00,6
1,1,1,5:57:00,6
1,1,1,4:01:00,6
1,1,1,17:17:00,6
1,1,1,13:56:00,6
1,1,1,2:33:00,6
1,1,1,0:26:00,6
1,1,1,20:29:00,6
1,1,1,3:08:00,6
1,1,1,4:37:00,6
1,1,1,3:53:00,6
1,1,1,5:19:00,6
1,1,1,17:33:00,6
1,1,1,6:04:00,6
1,1,1,18:01:00,6
1,1,1,1:13:00,6
1,1,1,7:19:00,6
1,1,1,0:32:00,6
1,1,1,4:38:00,6
1,1,1,15:21:00,6
1,1,1,5:58:00,6
1,1,1,13:22:00,6
1,1,1,14:01:00,6
1,1,1,21:42:00,6
1,1,1,1:35:00,6
1,1,1,19:41:00,6
1,1,1,17:31:00,6
1,1,1,1:12:00,6
1,1,1,1:56:00,6
1,1,1,21:39:00,6
1,1,1,10:27:00,6
1,1,1,11:09:00,6
1,1,1,11:51:00,6
1,1,1,16:41:00,6
1,1,1,13:53:00,6
1,1,1,16:12:00,5
1,1,1,8:28:00,5
1,1,1,10:03:00,5
1,1,1,23:13:00,5
1,1,1,16:45:00,5
1,1,1,18:12:00,5
1,1,1,9:02:00,5
1,1,1,20:21:00,5
1,1,1,4:18:00,5
1,1,1,12:58:00,5
1,1,1,14:27:00,5
1,1,1,17:23:00,5
1,1,1,15:53:00,5
1,1,1,13:42:00,5
1,1,1,10:49:00,5
1,1,1,7:11:00,5
1,1,1,18:09:00,5
1,1,1,10:06:00,5
1,1,1,0:24:00,5
1,1,1,5:36:00,5
1,1,1,1:36:00,5
1,1,1,8:35:00,5
1,1,1,16:06:00,5
1,1,1,17:43:00,5
1,1,1,7:46:00,5
1,1,1,6:43:00,5
1,1,1,9:12:00,5
1,1,1,7:39:00,5
1,1,1,11:46:00,5
1,1,1,13:09:00,5
1,1,1,16:44:00,5
1,1,1,13:14:00,5
1,1,1,15:23:00,5
1,1,1,3:02:00,5
1,1,1,11:57:00,5
1,1,1,11:18:00,5
1,1,1,10:38:00,5
1,1,1,9:19:00,5
1,1,1,7:56:00,5
1,1,1,1:03:00,5
1,1,1,16:33:00,5
1,1,1,22:51:00,5
1,1,1,22:14:00,5
1,1,1,15:54:00,5
1,1,1,17:13:00,5
1,1,1,22:48:00,5
1,1,1,8:22:00,5
1,1,1,14:14:00,5
1,1,1,16:13:00,5
1,1,1,18:57:00,5
1,1,1,12:46:00,5
1,1,1,17:14:00,4
1,1,1,22:33:00,4
1,1,1,21:04:00,4
1,1,1,9:08:00,4
1,1,1,2:44:00,4
1,1,1,22:24:00,4
1,1,1,15:38:00,4
1,1,1,4:34:00,4
1,1,1,7:09:00,4
1,1,1,16:08:00,4
1,1,1,14:09:00,4
1,1,1,15:52:00,4
1,1,1,15:01:00,4
1,1,1,16:02:00,4
1,1,1,16:49:00,4
1,1,1,17:32:00,4
1,1,1,13:11:00,4
1,1,1,6:47:00,4
1,1,1,3:58:00,4
1,1,1,18:59:00,4
1,1,1,14:20:00,4
1,1,1,1:38:00,4
1,1,1,20:24:00,4
1,1,1,0:58:00,4
1,1,1,6:12:00,4
1,1,1,5:23:00,4
1,1,1,3:06:00,4
1,1,1,15:27:00,4
1,1,1,2:48:00,4
1,1,1,6:41:00,4
1,1,1,7:26:00,4
1,1,1,6:50:00,3
1,1,1,18:24:00,3
1,1,1,14:34:00,3
1,1,1,20:01:00,3
1,1,1,16:11:00,3
1,1,1,11:37:00,3
1,1,1,18:29:00,3
1,1,1,19:16:00,3
1,1,1,22:21:00,3
1,1,1,23:06:00,3
1,1,1,4:57:00,3
1,1,1,4:07:00,3
1,1,1,2:32:00,3
1,1,1,0:59:00,3
1,1,1,0:49:00,2
1,1,1,22:38:00,2
1,1,1,18:39:00,2
1,1,1,20:16:00,2
1,1,1,16:18:00,2
1,1,1,7:31:00,2
1,1,1,8:17:00,2
1,1,1,9:52:00,2
1,1,1,10:39:00,2
1,1,1,11:28:00,2
1,1,1,15:44:00,1
1,1,1,6:21:00,1
