antecedents,consequents,antecedent support,consequent support,support,confidence,lift,representativity,leverage,conviction,zhangs_metric,jaccard,certainty,kulczynski
"frozenset({'impurity_index_fca_bin=Low', 'average_cooling_consumption_fca_bin=Low'})",frozenset({'total_cooling_consumption_fca_bin=Low'}),0.16654287836370907,0.33365708735645316,0.16654287836370907,1.0,2.9970890410958906,1.0,0.11097466664891384,inf,0.7994927337537702,0.4991438356164383,1.0,0.7495719178082192
"frozenset({'total_cooling_consumption_fca_bin=Low', 'impurity_index_fca_bin=Low'})",frozenset({'average_cooling_consumption_fca_bin=Low'}),0.16654287836370907,0.33365708735645316,0.16654287836370907,1.0,2.9970890410958906,1.0,0.11097466664891384,inf,0.7994927337537702,0.4991438356164383,1.0,0.7495719178082192
"frozenset({'S, %_fca_bin=Low', 'P, %_fca_bin=Low'})",frozenset({'impurity_index_fca_bin=Low'}),0.15368793921042107,0.3347426155516197,0.1514597497571845,0.9855018587360596,2.944058548123784,1.0,0.1000138470071498,45.885701645285955,0.7802474673385137,0.4494743981010512,0.978206718778534,0.7189840749560141
"frozenset({'impurity_index_fca_bin=High', 'crystallizer_movement, mm_fca_bin=Low'})","frozenset({'S, %_fca_bin=High'})",0.23921613437696396,0.3323430269096726,0.17688396274924298,0.7394315739192738,2.2249047341084838,1.0,0.09738214856477179,2.5623095750038494,0.7236517210746063,0.44817602779386223,0.6097270955253337,0.6358323418848562
"frozenset({'S, %_fca_bin=High'})","frozenset({'impurity_index_fca_bin=High', 'crystallizer_movement, mm_fca_bin=Low'})",0.3323430269096726,0.23921613437696396,0.17688396274924298,0.5322331098504384,2.2249047341084838,1.0,0.09738214856477179,1.626416665317604,0.824588937004061,0.44817602779386223,0.3851514059561597,0.6358323418848562
"frozenset({'impurity_index_fca_bin=High', 'steel_weight, tonn_fca_bin=Low'})","frozenset({'steel_weight_theoretical, tonn_fca_bin=Low'})",0.16288636233788492,0.45472204764897445,0.16288636233788492,1.0,2.19914562130921,1.0,0.0888183421215091,inf,0.6513786513786515,0.35821083050634495,1.0,0.6791054152531725
"frozenset({'impurity_index_fca_bin=High', 'steel_weight_theoretical, tonn_fca_bin=Low'})","frozenset({'steel_weight, tonn_fca_bin=Low'})",0.16288636233788492,0.45472204764897445,0.16288636233788492,1.0,2.19914562130921,1.0,0.0888183421215091,inf,0.6513786513786515,0.35821083050634495,1.0,0.6791054152531725
"frozenset({'impurity_index_fca_bin=Medium', 'steel_weight, tonn_fca_bin=Low'})","frozenset({'steel_weight_theoretical, tonn_fca_bin=Low'})",0.15208821344912302,0.45472204764897445,0.15208821344912302,1.0,2.19914562130921,1.0,0.0829303496062635,inf,0.6430833501785594,0.3344641286593794,1.0,0.6672320643296896
"frozenset({'impurity_index_fca_bin=Medium', 'steel_weight_theoretical, tonn_fca_bin=Low'})","frozenset({'steel_weight, tonn_fca_bin=Low'})",0.15208821344912302,0.45472204764897445,0.15208821344912302,1.0,2.19914562130921,1.0,0.0829303496062635,inf,0.6430833501785594,0.3344641286593794,1.0,0.6672320643296896
frozenset({'impurity_index_fca_bin=High'}),"frozenset({'S, %_fca_bin=High', 'crystallizer_movement, mm_fca_bin=Low'})",0.33291435753870763,0.24241558589956008,0.17688396274924298,0.5313197185515703,2.1917721031836286,1.0,0.09618033371212155,1.6164204983388006,0.8151100105519129,0.44393461428161746,0.38134909757225754,0.630496060077105
"frozenset({'S, %_fca_bin=High', 'crystallizer_movement, mm_fca_bin=Low'})",frozenset({'impurity_index_fca_bin=High'}),0.24241558589956008,0.33291435753870763,0.17688396274924298,0.7296724016026396,2.191772103183628,1.0,0.09618033371212155,2.4676934446061574,0.7177394029565712,0.44393461428161746,0.5947632789697671,0.630496060077105
"frozenset({'impurity_index_fca_bin=High', 'total_cooling_consumption_fca_bin=Medium'})","frozenset({'S, %_fca_bin=High'})",0.21464891732845798,0.3323430269096726,0.15620179397817516,0.7277082778812882,2.189630047749044,1.0,0.08486472307035135,2.4519914446728834,0.6917948651631423,0.39970760233918123,0.5921682344477313,0.5988549984902402
"frozenset({'average_cooling_consumption_fca_bin=Medium', 'impurity_index_fca_bin=High'})","frozenset({'S, %_fca_bin=High'})",0.21464891732845798,0.3323430269096726,0.15620179397817516,0.7277082778812882,2.189630047749044,1.0,0.08486472307035135,2.4519914446728834,0.6917948651631423,0.39970760233918123,0.5921682344477313,0.5988549984902402
"frozenset({'total_cooling_consumption_fca_bin=Medium', 'S, %_fca_bin=High'})",frozenset({'impurity_index_fca_bin=High'}),0.21596297777523854,0.33291435753870763,0.15620179397817516,0.7232804232804232,2.1725720351256648,1.0,0.08430461797998542,2.4106919010551473,0.6883808445083438,0.3977884475483776,0.5851813333913367,0.596237774708686
"frozenset({'average_cooling_consumption_fca_bin=Medium', 'S, %_fca_bin=High'})",frozenset({'impurity_index_fca_bin=High'}),0.21596297777523854,0.33291435753870763,0.15620179397817516,0.7232804232804232,2.1725720351256648,1.0,0.08430461797998542,2.4106919010551473,0.6883808445083438,0.3977884475483776,0.5851813333913367,0.596237774708686
"frozenset({'P, %_fca_bin=High', 'crystallizer_movement, mm_fca_bin=Low'})",frozenset({'impurity_index_fca_bin=High'}),0.21921956236073817,0.33291435753870763,0.15643032622978917,0.7135783163930153,2.143429083889986,1.0,0.08344898646654737,2.32903331221472,0.6832367083345048,0.39532197516604095,0.5706373134486936,0.591729951057328
"frozenset({'S, %_fca_bin=Low', 'month_fca_bin=Low'})",frozenset({'impurity_index_fca_bin=Low'}),0.21402045363651945,0.3347426155516197,0.15288807632977203,0.7143619861185264,2.134063465272669,1.0,0.08124630989793935,2.329022581442647,0.6761122181255624,0.38620291528359074,0.5706353351968884,0.5855476085226529
"frozenset({'S, %_fca_bin=High'})",frozenset({'impurity_index_fca_bin=High'}),0.3323430269096726,0.33291435753870763,0.23584528366565732,0.7096441464672513,2.1316117205451004,1.0,0.12520351837955424,2.2974761291872934,0.7951259880636341,0.5492283129324109,0.5647397649551473,0.7090352189346725
frozenset({'impurity_index_fca_bin=High'}),"frozenset({'S, %_fca_bin=High'})",0.33291435753870763,0.3323430269096726,0.23584528366565732,0.7084262914020938,2.1316117205451004,1.0,0.12520351837955424,2.289839424483425,0.7958069798314173,0.5492283129324109,0.5632881549213459,0.7090352189346725
"frozenset({'impurity_index_fca_bin=High', 'RUL_class=Healthy'})","frozenset({'S, %_fca_bin=High'})",0.29143575387076504,0.3323430269096726,0.20636462320745017,0.7080964516761419,2.1306192528257712,1.0,0.10950798261633778,2.2872519944484617,0.7489128722674137,0.49438817410347674,0.5627941291877042,0.6645175399174934
"frozenset({'S, %_fca_bin=High'})","frozenset({'impurity_index_fca_bin=High', 'RUL_class=Healthy'})",0.3323430269096726,0.29143575387076504,0.20636462320745017,0.6209386281588448,2.1306192528257712,1.0,0.10950798261633778,1.8692599635980773,0.7947986857659134,0.49438817410347674,0.4650289315162281,0.6645175399174934
"frozenset({'S, %_fca_bin=High', 'RUL_class=Healthy'})",frozenset({'impurity_index_fca_bin=High'}),0.29189281837399306,0.33291435753870763,0.20636462320745017,0.7069876688197299,2.1236322579975515,1.0,0.1091893131083096,2.2766469922075765,0.7472155238549143,0.4931731294374659,0.5607575511606485,0.663430336898281
frozenset({'impurity_index_fca_bin=High'}),"frozenset({'S, %_fca_bin=High', 'RUL_class=Healthy'})",0.33291435753870763,0.29189281837399306,0.20636462320745017,0.6198730049768321,2.1236322579975515,1.0,0.1091893131083096,1.8628174028599291,0.793164542879223,0.4931731294374659,0.4631787321372835,0.663430336898281
"frozenset({'impurity_index_fca_bin=Low', 'month_fca_bin=Low'})","frozenset({'S, %_fca_bin=Low'})",0.2123064617494144,0.3402273895903559,0.15288807632977203,0.720129171151776,2.116611399272802,1.0,0.08065560305560401,2.35741828873292,0.6697359994353554,0.3825589706933524,0.5758071425934824,0.5847497241149309
"frozenset({'impurity_index_fca_bin=High', 'RUL_class=Healthy'})","frozenset({'P, %_fca_bin=High'})",0.29143575387076504,0.32520139404673487,0.19979432097354738,0.6855518525779258,2.108083990806647,1.0,0.10501900753971348,2.145977362199255,0.7418319533636704,0.47930372807017535,0.5340118597639011,0.649961449830776
"frozenset({'P, %_fca_bin=High'})","frozenset({'impurity_index_fca_bin=High', 'RUL_class=Healthy'})",0.32520139404673487,0.29143575387076504,0.19979432097354738,0.6143710470836261,2.108083990806647,1.0,0.10501900753971348,1.8374249152472004,0.7789518148858049,0.47930372807017535,0.45576007394812995,0.649961449830776
"frozenset({'P, %_fca_bin=Low', 'RUL_class=Healthy'})",frozenset({'impurity_index_fca_bin=Low'}),0.29463520539336113,0.3347426155516197,0.20573615951551164,0.6982741904207873,2.08600326931815,1.0,0.10710920022854924,2.2048408300773117,0.7380781829192019,0.4856372218476062,0.5464525210353006,0.6564420960637816
frozenset({'impurity_index_fca_bin=Low'}),"frozenset({'P, %_fca_bin=Low', 'RUL_class=Healthy'})",0.3347426155516197,0.29463520539336113,0.20573615951551164,0.6146100017067759,2.08600326931815,1.0,0.10710920022854924,1.8302623257751538,0.7825758542013457,0.4856372218476062,0.45363023326370483,0.6564420960637816
"frozenset({'impurity_index_fca_bin=Low', 'RUL_class=Healthy'})","frozenset({'S, %_fca_bin=Low'})",0.29737759241272926,0.3402273895903559,0.21002113923327428,0.7062439961575407,2.0757999437020045,1.0,0.10884513724402657,2.2459885135266164,0.7376052945965895,0.4911811865312667,0.554761747899674,0.6617701928730608
"frozenset({'S, %_fca_bin=Low'})","frozenset({'impurity_index_fca_bin=Low', 'RUL_class=Healthy'})",0.3402273895903559,0.29737759241272926,0.21002113923327428,0.617296389588581,2.0757999437020045,1.0,0.10884513724402657,1.8359440268460714,0.7855100374912415,0.4911811865312667,0.4553210852958964,0.6617701928730608
"frozenset({'P, %_fca_bin=High', 'RUL_class=Healthy'})",frozenset({'impurity_index_fca_bin=High'}),0.2891504313546249,0.33291435753870763,0.19979432097354738,0.6909701639992096,2.0755192690026028,1.0,0.10353199088708225,2.1586447803686704,0.7289768247861385,0.4731430117710728,0.5367463840765816,0.6455537279580741
frozenset({'impurity_index_fca_bin=High'}),"frozenset({'P, %_fca_bin=High', 'RUL_class=Healthy'})",0.33291435753870763,0.2891504313546249,0.19979432097354738,0.6001372919169384,2.0755192690026028,1.0,0.10353199088708225,1.777734092916996,0.7768011008897854,0.4731430117710728,0.43748617749736163,0.6455537279580741
"frozenset({'P, %_fca_bin=High'})",frozenset({'impurity_index_fca_bin=High'}),0.32520139404673487,0.33291435753870763,0.22459007027366737,0.6906184118060436,2.0744626843729503,1.0,0.11632585710390653,2.156190503628436,0.7675585847228678,0.5180548234053769,0.5362190871737907,0.6826182843310293
frozenset({'impurity_index_fca_bin=High'}),"frozenset({'P, %_fca_bin=High'})",0.33291435753870763,0.32520139404673487,0.22459007027366737,0.6746181568560151,2.07446268437295,1.0,0.11632585710390653,2.0738668127055253,0.776433234340681,0.5180548234053769,0.5178089577047525,0.6826182843310293
"frozenset({'P, %_fca_bin=Low'})",frozenset({'impurity_index_fca_bin=Low'}),0.33765640175969835,0.3347426155516197,0.23378849340113123,0.6923857868020304,2.06841242983375,1.0,0.12076050631834127,2.1626353916886285,0.7798632403566416,0.5330207112153184,0.5376012046028804,0.6953992426073644
frozenset({'impurity_index_fca_bin=Low'}),"frozenset({'P, %_fca_bin=Low'})",0.3347426155516197,0.33765640175969835,0.23378849340113123,0.6984126984126984,2.0684124298337494,1.0,0.12076050631834127,2.196191931007316,0.7764474875862716,0.5330207112153184,0.5446663900903528,0.6953992426073644
"frozenset({'S, %_fca_bin=Low', 'RUL_class=Healthy'})",frozenset({'impurity_index_fca_bin=Low'}),0.303833628520825,0.3347426155516197,0.21002113923327428,0.6912373072583677,2.0649814966620945,1.0,0.10831507572967412,2.154591212239029,0.7408202703782768,0.49006799093454195,0.5358748358762634,0.6593240641087879
frozenset({'impurity_index_fca_bin=Low'}),"frozenset({'S, %_fca_bin=Low', 'RUL_class=Healthy'})",0.3347426155516197,0.303833628520825,0.21002113923327428,0.6274108209592081,2.0649814966620945,1.0,0.10831507572967412,1.868455689645665,0.7752400373204487,0.49006799093454195,0.46479865402125714,0.6593240641087879
frozenset({'impurity_index_fca_bin=Low'}),"frozenset({'S, %_fca_bin=Low'})",0.3347426155516197,0.3402273895903559,0.23475975547049077,0.7013142174432497,2.0613102851232914,1.0,0.12087114919671511,2.2089186996514885,0.7739435741887232,0.5332900713822194,0.5472898119076204,0.6956613068744377
"frozenset({'S, %_fca_bin=Low'})",frozenset({'impurity_index_fca_bin=Low'}),0.3402273895903559,0.3347426155516197,0.23475975547049077,0.6900083963056256,2.0613102851232914,1.0,0.12087114919671511,2.1460496881853226,0.7803774660420413,0.5332900713822194,0.5340275644570049,0.6956613068744377
"frozenset({'impurity_index_fca_bin=Low', 'RUL_class=Healthy'})","frozenset({'P, %_fca_bin=Low'})",0.29737759241272926,0.33765640175969835,0.20573615951551164,0.6918347742555235,2.0489313119787527,1.0,0.1053247116974673,2.149313234938136,0.7286142394897714,0.4792387543252594,0.5347351034067479,0.6505705174154098
"frozenset({'P, %_fca_bin=Low'})","frozenset({'impurity_index_fca_bin=Low', 'RUL_class=Healthy'})",0.33765640175969835,0.29737759241272926,0.20573615951551164,0.6093062605752961,2.0489313119787527,1.0,0.1053247116974673,1.7983968942575876,0.7729231361377735,0.4792387543252594,0.44394921766542594,0.6505705174154098
"frozenset({'impurity_index_fca_bin=High', 'crystallizer_movement, mm_fca_bin=Low'})","frozenset({'P, %_fca_bin=High'})",0.23921613437696396,0.32520139404673487,0.15643032622978917,0.6539288273226653,2.010842632577057,1.0,0.07863690585192944,1.9498838944971157,0.6607606506427676,0.38341968911917085,0.4871489513697918,0.5674774143640733
"frozenset({'impurity_index_fca_bin=Low', 'S, %_fca_bin=Low'})","frozenset({'P, %_fca_bin=Low'})",0.23475975547049077,0.33765640175969835,0.1514597497571845,0.6451691409101972,1.9107268144418241,1.0,0.07219161544703191,1.866645984341152,0.6228618386867854,0.35979913137893593,0.46427977860356945,0.5468654503197348
"frozenset({'impurity_index_fca_bin=Low', 'P, %_fca_bin=Low'})","frozenset({'S, %_fca_bin=Low'})",0.23378849340113123,0.3402273895903559,0.1514597497571845,0.6478494623655915,1.904166102398816,1.0,0.07191850093105547,1.8735527562777683,0.6197188720103737,0.3584369929691725,0.4662546882390845,0.5465107933154574
"frozenset({'average_cooling_consumption_fca_bin=Medium', 'impurity_index_fca_bin=High'})",frozenset({'total_cooling_consumption_fca_bin=Medium'}),0.21464891732845798,0.5284808318573959,0.21464891732845798,1.0,1.8922162162162162,1.0,0.1012110789414251,inf,0.6003928415539066,0.4061621621621621,1.0,0.703081081081081
"frozenset({'impurity_index_fca_bin=High', 'total_cooling_consumption_fca_bin=Medium'})",frozenset({'average_cooling_consumption_fca_bin=Medium'}),0.21464891732845798,0.5284808318573959,0.21464891732845798,1.0,1.8922162162162162,1.0,0.1012110789414251,inf,0.6003928415539066,0.4061621621621621,1.0,0.703081081081081
"frozenset({'average_cooling_consumption_fca_bin=Medium', 'impurity_index_fca_bin=Medium'})",frozenset({'total_cooling_consumption_fca_bin=Medium'}),0.19688053476546877,0.5284808318573959,0.19688053476546877,1.0,1.8922162162162162,1.0,0.09283294597608488,inf,0.587109625097816,0.3725405405405405,1.0,0.6862702702702702
"frozenset({'impurity_index_fca_bin=Medium', 'total_cooling_consumption_fca_bin=Medium'})",frozenset({'average_cooling_consumption_fca_bin=Medium'}),0.19688053476546877,0.5284808318573959,0.19688053476546877,1.0,1.8922162162162162,1.0,0.09283294597608488,inf,0.587109625097816,0.3725405405405405,1.0,0.6862702702702702
"frozenset({'Cu, %_fca_bin=Low'})","frozenset({'impurity_index_fca_bin=Low', 'RUL_class=Healthy'})",0.3367422727532423,0.29737759241272926,0.1699137290750157,0.504580929759077,1.696768494442483,1.0,0.0697741227400659,1.418238517232662,0.6191324901957024,0.3660307692307691,0.29489998484087854,0.5379773044568679
"frozenset({'impurity_index_fca_bin=Low', 'RUL_class=Healthy'})","frozenset({'Cu, %_fca_bin=Low'})",0.29737759241272926,0.3367422727532423,0.1699137290750157,0.5713736791546589,1.6967684944424828,1.0,0.0697741227400659,1.5474031691256713,0.5844453633665563,0.3660307692307691,0.3537560088073042,0.5379773044568679
frozenset({'impurity_index_fca_bin=Low'}),"frozenset({'Cu, %_fca_bin=Low'})",0.3347426155516197,0.3367422727532423,0.19082443009769753,0.570063150708312,1.6928767096789252,1.0,0.07810244094948028,1.5426863929887866,0.6152348514924805,0.3970046356828717,0.3517801125719343,0.5683705641563277
"frozenset({'Cu, %_fca_bin=Low'})",frozenset({'impurity_index_fca_bin=Low'}),0.3367422727532423,0.3347426155516197,0.19082443009769753,0.5666779776043434,1.692876709678925,1.0,0.07810244094948028,1.535249422059026,0.6170897244188512,0.3970046356828717,0.3486400413954674,0.5683705641563277
"frozenset({'Cu, %_fca_bin=Low', 'RUL_class=Healthy'})",frozenset({'impurity_index_fca_bin=Low'}),0.3009198423127464,0.3347426155516197,0.1699137290750157,0.5646478071008164,1.6868118395094025,1.0,0.06918303398786602,1.5280901194459742,0.582430563631675,0.36481844946025505,0.34558833456592153,0.5361214799286298
frozenset({'impurity_index_fca_bin=Low'}),"frozenset({'Cu, %_fca_bin=Low', 'RUL_class=Healthy'})",0.3347426155516197,0.3009198423127464,0.1699137290750157,0.5075951527564431,1.6868118395094025,1.0,0.06918303398786602,1.4197263930293307,0.6120422858637218,0.36481844946025505,0.29563893091664134,0.5361214799286298
frozenset({'impurity_index_fca_bin=Low'}),"frozenset({'Mo, %_fca_bin=Low', 'RUL_class=Healthy'})",0.3347426155516197,0.3162886362337885,0.17682682968633948,0.528247141150367,1.6701426502086114,1.0,0.07095154432418631,1.4492998843365534,0.6031481334518003,0.3728915662650602,0.3100116747350942,0.5436575301127557
"frozenset({'Mo, %_fca_bin=Low', 'RUL_class=Healthy'})",frozenset({'impurity_index_fca_bin=Low'}),0.3162886362337885,0.3347426155516197,0.17682682968633948,0.5590679190751444,1.6701426502086112,1.0,0.07095154432418631,1.5087525113913283,0.5868686275518309,0.3728915662650602,0.33720077186295544,0.5436575301127557
"frozenset({'impurity_index_fca_bin=Low', 'RUL_class=Healthy'})","frozenset({'Mo, %_fca_bin=Low'})",0.29737759241272926,0.35925269953722216,0.17682682968633948,0.5946205571565801,1.6551596074923065,1.0,0.06999312683018673,1.5806112317103118,0.5633590026459245,0.3685401286020481,0.3673333581731273,0.5434139681457201
frozenset({'impurity_index_fca_bin=Low'}),"frozenset({'Mo, %_fca_bin=Low'})",0.3347426155516197,0.35925269953722216,0.19870879277838085,0.5936166581327872,1.652365198361669,1.0,0.07845160449131094,1.5767066079006364,0.5934649044916777,0.40119967701003584,0.3657665953899398,0.5733668532394216
"frozenset({'Mo, %_fca_bin=Low'})",frozenset({'impurity_index_fca_bin=Low'}),0.35925269953722216,0.3347426155516197,0.19870879277838085,0.553117048346056,1.652365198361669,1.0,0.07845160449131094,1.4886613642033506,0.6161663261614885,0.40119967701003584,0.3282555562694108,0.5733668532394216
"frozenset({'Cu, %_fca_bin=High', 'RUL_class=Healthy'})",frozenset({'impurity_index_fca_bin=High'}),0.27989487516425754,0.33291435753870763,0.15111695137976347,0.539906103286385,1.6217567403160456,1.0,0.0579359288360779,1.449890222900564,0.5324010321085095,0.32731097636431133,0.3102926109816373,0.4969137518319689
frozenset({'impurity_index_fca_bin=High'}),"frozenset({'Cu, %_fca_bin=High'})",0.33291435753870763,0.3325715591612866,0.17614123293149747,0.5290887249013215,1.5909018986338828,1.0,0.06542338597767144,1.4173125090259417,0.5567886731345199,0.3599532983070637,0.2944393042242622,0.5293614041960654
"frozenset({'Cu, %_fca_bin=High'})",frozenset({'impurity_index_fca_bin=High'}),0.3325715591612866,0.33291435753870763,0.17614123293149747,0.5296340834908092,1.5909018986338825,1.0,0.06542338597767144,1.418226999549738,0.5565027005237675,0.3599532983070637,0.29489425859366514,0.5293614041960654
"frozenset({'impurity_index_fca_bin=High', 'RUL_class=Healthy'})","frozenset({'Cu, %_fca_bin=High'})",0.29143575387076504,0.3325715591612866,0.15111695137976347,0.5185257792589688,1.5591404766139378,1.0,0.05419370831961817,1.3862184351458784,0.5061234406670795,0.3195602271354356,0.2786129698998229,0.4864575297256878
"frozenset({'impurity_index_fca_bin=Low', 'RUL_class=Healthy'})","frozenset({'Ce, %_fca_bin=Medium'})",0.29737759241272926,0.3309147003370851,0.15134548363137748,0.5089337175792507,1.5379604383269379,1.0,0.05293886675115535,1.362515252247837,0.49783242383784926,0.31732151413512216,0.26606326178717654,0.4831443449774706
frozenset({'impurity_index_fca_bin=Low'}),"frozenset({'Cr, %_fca_bin=Low'})",0.3347426155516197,0.3380563332000229,0.1719133862766383,0.5135688684075781,1.5191813256274866,1.0,0.05875152509747278,1.3608168223793216,0.5137120414777653,0.3432188890156268,0.2651472383685343,0.51105179942265
"frozenset({'Cr, %_fca_bin=Low'})",frozenset({'impurity_index_fca_bin=Low'}),0.3380563332000229,0.3347426155516197,0.1719133862766383,0.5085347304377218,1.5191813256274866,1.0,0.05875152509747278,1.3536203383016043,0.516283705417495,0.3432188890156268,0.2612404145355071,0.51105179942265
"frozenset({'N, %_fca_bin=Low', 'RUL_class=Healthy'})",frozenset({'impurity_index_fca_bin=Low'}),0.30286236645146547,0.3347426155516197,0.15357367308461406,0.5070741369552915,1.51481799268279,1.0,0.05219273238649738,1.3496094125376439,0.4875001280527782,0.31728045325779036,0.2590448831268007,0.48292774948122996
"frozenset({'Cr, %_fca_bin=Low', 'RUL_class=Healthy'})",frozenset({'impurity_index_fca_bin=Low'}),0.2977775238530538,0.3347426155516197,0.15037422156201793,0.5049884881043745,1.508587388170484,1.0,0.050695394374961886,1.3439230572654874,0.48008748833690795,0.3118852944661689,0.2559097824880511,0.47710595253486343
"frozenset({'N, %_fca_bin=Low'})",frozenset({'impurity_index_fca_bin=Low'}),0.34519796606296066,0.3347426155516197,0.17334171284922584,0.502151605428666,1.5001125703734326,1.0,0.05778924280621113,1.3362649989485085,0.5091361107287866,0.3421675876846735,0.251645443989861,0.5099937067935274
frozenset({'impurity_index_fca_bin=Low'}),"frozenset({'N, %_fca_bin=Low'})",0.3347426155516197,0.34519796606296066,0.17334171284922584,0.5178358081583888,1.5001125703734324,1.0,0.05778924280621113,1.3580478289688895,0.5011344009844231,0.3421675876846735,0.26364890936186014,0.5099937067935274
"frozenset({'impurity_index_fca_bin=Low', 'RUL_class=Healthy'})","frozenset({'Ti, %_fca_bin=Low'})",0.29737759241272926,0.3990173113180598,0.17785522481860253,0.5980787704130643,1.4988792552319394,1.0,0.059196417447837435,1.4952748062091294,0.4737037255097302,0.3429925077126487,0.3312266107557624,0.5219059373256616
"frozenset({'impurity_index_fca_bin=Low', 'RUL_class=Healthy'})","frozenset({'N, %_fca_bin=Low'})",0.29737759241272926,0.34519796606296066,0.15357367308461406,0.5164265129682997,1.496029999418098,1.0,0.0509195330310398,1.3540900225038892,0.4718952922077921,0.31405538030143704,0.2614966631606447,0.48065615618623525
"frozenset({'impurity_index_fca_bin=Low', 'RUL_class=Healthy'})","frozenset({'Cr, %_fca_bin=Low'})",0.29737759241272926,0.3380563332000229,0.15037422156201793,0.5056676272814601,1.495808768008686,1.0,0.04984384309511973,1.3390659874441821,0.4717545875697779,0.3100117785630153,0.2532108130767647,0.4752438187108669
frozenset({'impurity_index_fca_bin=Low'}),"frozenset({'Ti, %_fca_bin=Low'})",0.3347426155516197,0.3990173113180598,0.19596640575901275,0.5854241338112306,1.4671647500140275,1.0,0.062398307318030505,1.4496325948898674,0.4786317206374134,0.36438967385530646,0.3101700365146847,0.5382733498380322
frozenset({'impurity_index_fca_bin=Low'}),"frozenset({'Ti, %_fca_bin=Low', 'RUL_class=Healthy'})",0.3347426155516197,0.3646232074501514,0.17785522481860253,0.5313193377709506,1.4571736711070118,1.0,0.05580029866591801,1.3556710224142616,0.47160694455924085,0.34103856266432947,0.2623579146663923,0.5095487318751337
"frozenset({'impurity_index_fca_bin=Low', 'S, %_fca_bin=Low'})",frozenset({'month_fca_bin=Low'}),0.23475975547049077,0.48048905901845396,0.15288807632977203,0.6512533463129715,1.3553968276475554,1.0,0.040088582328353564,1.4896514002045864,0.34264885131396533,0.2718683328253581,0.3287020037958804,0.48472298706849526
frozenset({'impurity_index_fca_bin=Low'}),"frozenset({'month_fca_bin=Low', 'RUL_class=Healthy'})",0.3347426155516197,0.405187682111638,0.18259726903959322,0.5454855777436423,1.3462540985965834,1.0,0.04696368454024527,1.3086764440510374,0.38661453749512553,0.32762685802152736,0.23586918329141968,0.4980670979524754
frozenset({'impurity_index_fca_bin=Low'}),frozenset({'month_fca_bin=Low'}),0.3347426155516197,0.48048905901845396,0.2123064617494144,0.6342379245605052,1.3199841133867447,1.0,0.051466297389640536,1.4203521246900972,0.3643929858126945,0.35212735714962573,0.2959492349700344,0.538046429581085
"frozenset({'impurity_index_fca_bin=Low', 'RUL_class=Healthy'})","frozenset({'Ca, %_fca_bin=Low'})",0.29737759241272926,0.4300405644746615,0.16568588242015655,0.5571565802113353,1.2955907564021525,1.0,0.03780145471687066,1.2870450593966973,0.3247139989120744,0.2949552481692433,0.22302642576573792,0.4712181200511971
"frozenset({'impurity_index_fca_bin=Low', 'RUL_class=Healthy'})",frozenset({'month_fca_bin=Low'}),0.29737759241272926,0.48048905901845396,0.18259726903959322,0.6140249759846301,1.27791666523888,1.0,0.03971058948802761,1.3459703572966386,0.30952095754756065,0.306747288607352,0.25704158744737504,0.49702437859873605
frozenset({'impurity_index_fca_bin=Low'}),"frozenset({'Ca, %_fca_bin=Low'})",0.3347426155516197,0.4300405644746615,0.18071187796377763,0.5398532172725721,1.2553541732326066,1.0,0.03675897461823449,1.2386470076939757,0.30576444641337225,0.30940037171084805,0.19266748816377594,0.48003687833204794
"frozenset({'impurity_index_fca_bin=High', 'S, %_fca_bin=High'})",frozenset({'total_cooling_consumption_fca_bin=Medium'}),0.23584528366565732,0.5284808318573959,0.15620179397817516,0.6623062015503876,1.2532265346742089,1.0,0.03156208227690506,1.3962920560205663,0.2644224545187289,0.256858323938369,0.28381745374244916,0.47893688455897754
"frozenset({'impurity_index_fca_bin=High', 'S, %_fca_bin=High'})",frozenset({'average_cooling_consumption_fca_bin=Medium'}),0.23584528366565732,0.5284808318573959,0.15620179397817516,0.6623062015503876,1.2532265346742089,1.0,0.03156208227690506,1.3962920560205663,0.2644224545187289,0.256858323938369,0.28381745374244916,0.47893688455897754
"frozenset({'impurity_index_fca_bin=High', 'crystallizer_movement, mm_fca_bin=Low'})",frozenset({'total_cooling_consumption_fca_bin=Medium'}),0.23921613437696396,0.5284808318573959,0.15677312460721018,0.6553618342488655,1.2400862902549072,1.0,0.03035198291796168,1.3681571427672095,0.2544802959590908,0.25661647806976523,0.26908980793140586,0.47600524144875705
"frozenset({'impurity_index_fca_bin=High', 'crystallizer_movement, mm_fca_bin=Low'})",frozenset({'average_cooling_consumption_fca_bin=Medium'}),0.23921613437696396,0.5284808318573959,0.15677312460721018,0.6553618342488655,1.2400862902549072,1.0,0.03035198291796168,1.3681571427672095,0.2544802959590908,0.25661647806976523,0.26908980793140586,0.47600524144875705
frozenset({'impurity_index_fca_bin=High'}),frozenset({'total_cooling_consumption_fca_bin=Medium'}),0.33291435753870763,0.5284808318573959,0.21464891732845798,0.6447571649219153,1.2200199629868413,1.0,0.038710060719131245,1.3273150689695432,0.27034202137510494,0.3318904593639576,0.24659937690879466,0.5254596635420387
frozenset({'impurity_index_fca_bin=High'}),frozenset({'average_cooling_consumption_fca_bin=Medium'}),0.33291435753870763,0.5284808318573959,0.21464891732845798,0.6447571649219153,1.2200199629868413,1.0,0.038710060719131245,1.3273150689695432,0.27034202137510494,0.3318904593639576,0.24659937690879466,0.5254596635420387
frozenset({'impurity_index_fca_bin=High'}),"frozenset({'average_cooling_consumption_fca_bin=Medium', 'total_cooling_consumption_fca_bin=Medium'})",0.33291435753870763,0.5284808318573959,0.21464891732845798,0.6447571649219153,1.2200199629868413,1.0,0.038710060719131245,1.3273150689695432,0.27034202137510494,0.3318904593639576,0.24659937690879466,0.5254596635420387
frozenset({'impurity_index_fca_bin=High'}),"frozenset({'total_cooling_consumption_fca_bin=Medium', 'RUL_class=Healthy'})",0.33291435753870763,0.45483631377478145,0.18368279723475975,0.5517418911961558,1.2130559378980423,1.0,0.032261258049154334,1.2161825419733339,0.26328809425243627,0.3040764210725433,0.17775501169632313,0.4777928147099985
frozenset({'impurity_index_fca_bin=High'}),"frozenset({'average_cooling_consumption_fca_bin=Medium', 'RUL_class=Healthy'})",0.33291435753870763,0.45483631377478145,0.18368279723475975,0.5517418911961558,1.2130559378980423,1.0,0.032261258049154334,1.2161825419733339,0.26328809425243627,0.3040764210725433,0.17775501169632313,0.4777928147099985
"frozenset({'impurity_index_fca_bin=High', 'S, %_fca_bin=High'})","frozenset({'crystallizer_movement, mm_fca_bin=Low'})",0.23584528366565732,0.6221219219562361,0.17688396274924298,0.7499999999999999,1.2055514739645512,1.0,0.030159441590850572,1.511512312175055,0.22312772585669782,0.25970975589296197,0.33841094647716935,0.5171618146753604
"frozenset({'impurity_index_fca_bin=High', 'RUL_class=Healthy'})",frozenset({'total_cooling_consumption_fca_bin=Medium'}),0.29143575387076504,0.5284808318573959,0.18368279723475975,0.6302685747892569,1.1926044177877149,1.0,0.029664587596150538,1.2753018434228116,0.22792428251802024,0.2887033045977011,0.21587190894660888,0.48891807117841224
"frozenset({'impurity_index_fca_bin=High', 'RUL_class=Healthy'})",frozenset({'average_cooling_consumption_fca_bin=Medium'}),0.29143575387076504,0.5284808318573959,0.18368279723475975,0.6302685747892569,1.1926044177877149,1.0,0.029664587596150538,1.2753018434228116,0.22792428251802024,0.2887033045977011,0.21587190894660888,0.48891807117841224
"frozenset({'impurity_index_fca_bin=High', 'total_cooling_consumption_fca_bin=Medium'})","frozenset({'crystallizer_movement, mm_fca_bin=Low'})",0.21464891732845798,0.6221219219562361,0.15677312460721018,0.7303699760447165,1.1739981348802162,1.0,0.023235327613004675,1.4014688442353616,0.1887180060650561,0.2305494874810956,0.2864629106003438,0.49118370232119196
"frozenset({'average_cooling_consumption_fca_bin=Medium', 'impurity_index_fca_bin=High'})","frozenset({'crystallizer_movement, mm_fca_bin=Low'})",0.21464891732845798,0.6221219219562361,0.15677312460721018,0.7303699760447165,1.1739981348802162,1.0,0.023235327613004675,1.4014688442353616,0.1887180060650561,0.2305494874810956,0.2864629106003438,0.49118370232119196
frozenset({'impurity_index_fca_bin=High'}),"frozenset({'crystallizer_movement, mm_fca_bin=Low', 'RUL_class=Healthy'})",0.33291435753870763,0.5332228760783866,0.20670742158487115,0.6209026943538699,1.1644337146979304,1.0,0.029189870370293164,1.2312857859172663,0.21168715347551376,0.3134638710795356,0.18784086404844366,0.504279698189471
frozenset({'impurity_index_fca_bin=High'}),"frozenset({'crystallizer_movement, mm_fca_bin=Low'})",0.33291435753870763,0.6221219219562361,0.23921613437696396,0.7185515702763,1.1550012062215151,1.0,0.03210281441815763,1.342619244366471,0.201173627272395,0.3341846915156837,0.255187199054442,0.5515340274009841
"frozenset({'impurity_index_fca_bin=High', 'RUL_class=Healthy'})","frozenset({'crystallizer_movement, mm_fca_bin=Low'})",0.29143575387076504,0.6221219219562361,0.20670742158487115,0.7092726916290922,1.1400863184483425,1.0,0.02539885026002625,1.2997680890770325,0.17341184293373024,0.29243452958292915,0.23063198088660442,0.520767303661915
frozenset({'impurity_index_fca_bin=Medium'}),"frozenset({'total_cooling_consumption_fca_bin=Medium', 'RUL_class=Healthy'})",0.3323430269096726,0.45483631377478145,0.1694566645717877,0.5098848203541345,1.1210292690187686,1.0,0.01829498730343923,1.1123174895728154,0.16170374172736882,0.2743248242693304,0.10097610675523126,0.44122554043708484
frozenset({'impurity_index_fca_bin=Medium'}),"frozenset({'average_cooling_consumption_fca_bin=Medium', 'RUL_class=Healthy'})",0.3323430269096726,0.45483631377478145,0.1694566645717877,0.5098848203541345,1.1210292690187686,1.0,0.01829498730343923,1.1123174895728154,0.16170374172736882,0.2743248242693304,0.10097610675523126,0.44122554043708484
frozenset({'impurity_index_fca_bin=Medium'}),frozenset({'total_cooling_consumption_fca_bin=Medium'}),0.3323430269096726,0.5284808318573959,0.19688053476546877,0.5924015815712567,1.1209518791612654,1.0,0.02124361544224007,1.1568228600107668,0.1616115001466601,0.29653214009121415,0.13556341721091783,0.48247106105589854
frozenset({'impurity_index_fca_bin=Medium'}),frozenset({'average_cooling_consumption_fca_bin=Medium'}),0.3323430269096726,0.5284808318573959,0.19688053476546877,0.5924015815712567,1.1209518791612654,1.0,0.02124361544224007,1.1568228600107668,0.1616115001466601,0.29653214009121415,0.13556341721091783,0.48247106105589854
frozenset({'impurity_index_fca_bin=Medium'}),"frozenset({'average_cooling_consumption_fca_bin=Medium', 'total_cooling_consumption_fca_bin=Medium'})",0.3323430269096726,0.5284808318573959,0.19688053476546877,0.5924015815712567,1.1209518791612654,1.0,0.02124361544224007,1.1568228600107668,0.1616115001466601,0.29653214009121415,0.13556341721091783,0.48247106105589854
"frozenset({'P, %_fca_bin=High', 'impurity_index_fca_bin=High'})","frozenset({'crystallizer_movement, mm_fca_bin=Low'})",0.22459007027366737,0.6221219219562361,0.15643032622978917,0.6965148817094886,1.1195793897108255,1.0,0.016707920058849107,1.2451288556496527,0.13774317187644305,0.22661810958450584,0.19687027132766546,0.4739806477607963
"frozenset({'impurity_index_fca_bin=Medium', 'RUL_class=Healthy'})",frozenset({'total_cooling_consumption_fca_bin=Medium'}),0.28989316117237046,0.5284808318573959,0.1694566645717877,0.5845486795427671,1.1060924905986003,1.0,0.01625368560564322,1.1349564796753195,0.1350732986017355,0.26113752421200914,0.11890894681171117,0.4525986640957079
"frozenset({'impurity_index_fca_bin=Medium', 'RUL_class=Healthy'})",frozenset({'average_cooling_consumption_fca_bin=Medium'}),0.28989316117237046,0.5284808318573959,0.1694566645717877,0.5845486795427671,1.1060924905986003,1.0,0.01625368560564322,1.1349564796753195,0.1350732986017355,0.26113752421200914,0.11890894681171117,0.4525986640957079
"frozenset({'impurity_index_fca_bin=Low', 'RUL_class=Healthy'})","frozenset({'Nb, %_fca_bin=Low'})",0.29737759241272926,0.5140261669428098,0.1673427412443581,0.5627281460134486,1.0947461086665988,1.0,0.014482877281761702,1.111376889746342,0.12317596573672548,0.2598243590880866,0.10021522921154367,0.4441405540559629
frozenset({'impurity_index_fca_bin=High'}),frozenset({'temperature_difference_fca_bin=Low'}),0.33291435753870763,0.4610066845683597,0.1673998743072616,0.5028316457868544,1.0907252814732076,1.0,0.013924130093136505,1.0841263545116218,0.12468992139296865,0.2671894948021156,0.07759829300480306,0.4329748760598666
frozenset({'impurity_index_fca_bin=Low'}),"frozenset({'Nb, %_fca_bin=Low'})",0.3347426155516197,0.5140261669428098,0.1872821801976804,0.5594811401263015,1.0884292981694625,1.0,0.01521571661327073,1.103185078605997,0.1221254707219194,0.28312316462256004,0.09353378740073534,0.46191240511928056
"frozenset({'impurity_index_fca_bin=Low', 'Ce, %_fca_bin=Medium'})",frozenset({'RUL_class=Healthy'}),0.16248643089756043,0.8787065074558648,0.15134548363137748,0.9314345991561181,1.0600064882333897,1.0,0.008567599428413453,1.7690189374129264,0.06759239508781624,0.1700802568218298,0.4347149265329889,0.5518356350787093
"frozenset({'impurity_index_fca_bin=Medium', 'RUL_class=Healthy'})","frozenset({'Nb, %_fca_bin=Low'})",0.28989316117237046,0.5140261669428098,0.15608752785236815,0.538431217973985,1.0474782269866243,1.0,0.007074857392000394,1.052874137033383,0.06383013937908161,0.24093835435223562,0.05021885824108385,0.4210439962271837
frozenset({'impurity_index_fca_bin=Medium'}),"frozenset({'crystallizer_movement, mm_fca_bin=Low', 'RUL_class=Healthy'})",0.3323430269096726,0.5332228760783866,0.1849968576815403,0.5566443183771704,1.0439243013560071,1.0,0.007783953028168061,1.0528276579496028,0.06302059014460859,0.2718267293485561,0.05017692834218038,0.4517926402771955
frozenset({'impurity_index_fca_bin=Medium'}),"frozenset({'crystallizer_movement, mm_fca_bin=Low'})",0.3323430269096726,0.6221219219562361,0.21573444552362453,0.6491318549080283,1.0434158193089558,1.0,0.008976562873825922,1.0769802939640252,0.06232139917531348,0.2920340293890178,0.07147790390916527,0.4979519133113013
"frozenset({'Ca, %_fca_bin=Low', 'impurity_index_fca_bin=Low'})",frozenset({'RUL_class=Healthy'}),0.18071187796377763,0.8787065074558648,0.16568588242015655,0.9168510907366425,1.0434099246530204,1.0,0.006893179278815054,1.458750254437643,0.05078055114702061,0.18538643482707923,0.31448169626163597,0.5527038288533668
"frozenset({'impurity_index_fca_bin=Low', 'Ti, %_fca_bin=Low'})",frozenset({'RUL_class=Healthy'}),0.19596640575901275,0.8787065074558648,0.17785522481860253,0.9075801749271136,1.0328592848991722,1.0,0.005658268835421559,1.3124185470863834,0.03956787755024039,0.19831814996496142,0.2380479518366788,0.5549929483218143
"frozenset({'impurity_index_fca_bin=Medium', 'Nb, %_fca_bin=Low'})",frozenset({'RUL_class=Healthy'}),0.17277038222019084,0.8787065074558648,0.15608752785236815,0.9034391534391533,1.0281466516674576,1.0,0.004273068699849419,1.256135347443371,0.03309372072867251,0.1743236345074017,0.20390744354474746,0.5405362217130747
"frozenset({'impurity_index_fca_bin=Medium', 'RUL_class=Healthy'})","frozenset({'crystallizer_movement, mm_fca_bin=Low'})",0.28989316117237046,0.6221219219562361,0.1849968576815403,0.6381553015372488,1.0257720858486974,1.0,0.004647967091016281,1.0443101132865242,0.03538139871033241,0.2544597249508841,0.04243003368709786,0.4677598070731519
"frozenset({'impurity_index_fca_bin=Low', 'S, %_fca_bin=Low'})",frozenset({'RUL_class=Healthy'}),0.23475975547049077,0.8787065074558648,0.21002113923327428,0.8946215624239474,1.0181119120355235,1.0,0.0037362144126064922,1.1510276232421515,0.023247217543203285,0.2324669575665591,0.1312111196921106,0.5668166329675004
"frozenset({'impurity_index_fca_bin=Low', 'Nb, %_fca_bin=Low'})",frozenset({'RUL_class=Healthy'}),0.1872821801976804,0.8787065074558648,0.1673427412443581,0.8935326418547895,1.0168726807792186,1.0,0.00277667077413446,1.139255210772709,0.020416332403496683,0.18621654269184307,0.12223355175901103,0.5419873872472907
"frozenset({'impurity_index_fca_bin=Low', 'Cu, %_fca_bin=Low'})",frozenset({'RUL_class=Healthy'}),0.19082443009769753,0.8787065074558648,0.1699137290750157,0.8904191616766467,1.013329426971804,1.0,0.0022350605666121015,1.1068859702115073,0.016256163646801915,0.18887336466404164,0.09656457222154796,0.5418935860398838
"frozenset({'Mo, %_fca_bin=Low', 'impurity_index_fca_bin=Low'})",frozenset({'RUL_class=Healthy'}),0.19870879277838085,0.8787065074558648,0.17682682968633948,0.8898792409430707,1.0127149775179822,1.0,0.002220120383277263,1.1014589218498751,0.015668881152108124,0.19634587324747824,0.09211321442607891,0.545557305777127
"frozenset({'P, %_fca_bin=High', 'impurity_index_fca_bin=High'})",frozenset({'RUL_class=Healthy'}),0.22459007027366737,0.8787065074558648,0.19979432097354738,0.8895955227677436,1.0123920959040191,1.0,0.0024455647141058967,1.0986283852327088,0.015785729690751614,0.22113317313772604,0.08977410975215015,0.5584843673656663
frozenset({'impurity_index_fca_bin=Medium'}),"frozenset({'Nb, %_fca_bin=Low'})",0.3323430269096726,0.5140261669428098,0.17277038222019084,0.5198555956678701,1.0113407236828644,1.0,0.0019373699876407413,1.0121409906529453,0.016795381938502166,0.2564885496183206,0.011995355158092016,0.42798381650682604
frozenset({'impurity_index_fca_bin=Low'}),frozenset({'RUL_class=Healthy'}),0.3347426155516197,0.8787065074558648,0.29737759241272926,0.8883768561187917,1.011005208884734,1.0,0.0032370778047242643,1.0866339033885153,0.016362708478324824,0.32462267681177503,0.07972685475610464,0.6134016920385896
"frozenset({'N, %_fca_bin=Low', 'impurity_index_fca_bin=Low'})",frozenset({'RUL_class=Healthy'}),0.17334171284922584,0.8787065074558648,0.15357367308461406,0.8859591298615689,1.0082537483723693,1.0,0.0012571819904534376,1.0635966947367235,0.009902739518642505,0.17092712705074395,0.05979399433209577,0.5303657807955439
"frozenset({'impurity_index_fca_bin=Low', 'P, %_fca_bin=Low'})",frozenset({'RUL_class=Healthy'}),0.23378849340113123,0.8787065074558648,0.20573615951551164,0.8800097751710656,1.0014831661130794,1.0,0.0003046889956351273,1.0108614490643621,0.00193284697034112,0.22689181526053806,0.010744745557776877,0.5570725078716187
frozenset({'impurity_index_fca_bin=High'}),frozenset({'RUL_class=Healthy'}),0.33291435753870763,0.8787065074558648,0.29143575387076504,0.875407585378411,0.996245706559059,1.0,-0.0010982585239857623,0.9735222879541006,-0.00561737845331962,0.3167142679746679,-0.02719784885618133,0.603536042364108
"frozenset({'impurity_index_fca_bin=High', 'S, %_fca_bin=High'})",frozenset({'RUL_class=Healthy'}),0.23584528366565732,0.8787065074558648,0.20636462320745017,0.875,0.9957818595578674,1.0,-0.000874162302337278,0.9703479403530819,-0.0055128314072059315,0.2272269753397081,-0.030558172397551073,0.5549252275682705
"frozenset({'impurity_index_fca_bin=Low', 'Cr, %_fca_bin=Low'})",frozenset({'RUL_class=Healthy'}),0.1719133862766383,0.8787065074558648,0.15037422156201793,0.8747092057161847,0.9954509250747972,1.0,-0.0006871896780378806,0.9680958065392645,-0.0054882940343284016,0.1670368725011106,-0.03295561580292977,0.5229202725590026
frozenset({'impurity_index_fca_bin=Medium'}),frozenset({'RUL_class=Healthy'}),0.3323430269096726,0.8787065074558648,0.28989316117237046,0.872270930032663,0.9926760785670806,1.0,-0.0021388192807384465,0.9496154052883381,-0.010929741086580786,0.3147056999317745,-0.053057895260622115,0.6010899513622352
"frozenset({'impurity_index_fca_bin=High', 'crystallizer_movement, mm_fca_bin=Low'})",frozenset({'RUL_class=Healthy'}),0.23921613437696396,0.8787065074558648,0.20670742158487115,0.8641031764986863,0.9833808776499678,1.0,-0.003493352380603665,0.8925410426753845,-0.02173117681886528,0.22684807824942,-0.12039665649717142,0.5496718743351688
"frozenset({'impurity_index_fca_bin=Medium', 'total_cooling_consumption_fca_bin=Medium'})",frozenset({'RUL_class=Healthy'}),0.19688053476546877,0.8787065074558648,0.1694566645717877,0.8607080673244343,0.9795171197906094,1.0,-0.003543542518020304,0.8707861985564386,-0.025376727696183942,0.18701134930643126,-0.1483875165428299,0.5267779608403705
"frozenset({'average_cooling_consumption_fca_bin=Medium', 'impurity_index_fca_bin=Medium'})",frozenset({'RUL_class=Healthy'}),0.19688053476546877,0.8787065074558648,0.1694566645717877,0.8607080673244343,0.9795171197906094,1.0,-0.003543542518020304,0.8707861985564386,-0.025376727696183942,0.18701134930643126,-0.1483875165428299,0.5267779608403705
"frozenset({'impurity_index_fca_bin=Low', 'month_fca_bin=Low'})",frozenset({'RUL_class=Healthy'}),0.2123064617494144,0.8787065074558648,0.18259726903959322,0.860064585575888,0.9787848141309992,1.0,-0.00395780047454683,0.8667819582577049,-0.026780167323147648,0.20100628930817607,-0.15369267954085372,0.5339334631390493
"frozenset({'Cu, %_fca_bin=High', 'impurity_index_fca_bin=High'})",frozenset({'RUL_class=Healthy'}),0.17614123293149747,0.8787065074558648,0.15111695137976347,0.8579305870904962,0.9763562461537681,1.0,-0.0036594962284426102,0.8537621861040382,-0.028554451052614394,0.16721456568466303,-0.17128635617289037,0.5149535900341948
"frozenset({'impurity_index_fca_bin=Medium', 'crystallizer_movement, mm_fca_bin=Low'})",frozenset({'RUL_class=Healthy'}),0.21573444552362453,0.8787065074558648,0.1849968576815403,0.857521186440678,0.9758903333076193,1.0,-0.0045704034824513295,0.8513089736926668,-0.030539175895965717,0.20341751476316122,-0.17466164565653053,0.5340271731943311
"frozenset({'impurity_index_fca_bin=High', 'total_cooling_consumption_fca_bin=Medium'})",frozenset({'RUL_class=Healthy'}),0.21464891732845798,0.8787065074558648,0.18368279723475975,0.8557359595421878,0.9738586800953779,1.0,-0.0049306032401122135,0.8407742647385902,-0.0330500205617005,0.20192186911192062,-0.18937988701511413,0.532386835427791
"frozenset({'average_cooling_consumption_fca_bin=Medium', 'impurity_index_fca_bin=High'})",frozenset({'RUL_class=Healthy'}),0.21464891732845798,0.8787065074558648,0.18368279723475975,0.8557359595421878,0.9738586800953779,1.0,-0.0049306032401122135,0.8407742647385902,-0.0330500205617005,0.20192186911192062,-0.18937988701511413,0.532386835427791
