KMeans,Hierarchical,DBSCAN,GMM,IsolationForest,LOF,OneClassSVM,count,mean,std,min,25%,50%,75%,max
0,0,-1,0,1,-1,-1,1.0,0.0446,,0.0446,0.0446,0.0446,0.0446,0.0446
0,0,71,0,1,-1,-1,6.0,0.0413,0.0,0.0413,0.0413,0.0413,0.0413,0.0413
0,0,153,0,-1,-1,-1,2.0,0.0446,0.0,0.0446,0.0446,0.0446,0.0446,0.0446
0,0,153,0,1,-1,-1,3.0,0.0446,0.0,0.0446,0.0446,0.0446,0.0446,0.0446
0,1,-1,0,-1,-1,-1,4.0,0.0296,0.008799999999999999,0.0252,0.0252,0.0252,0.0296,0.0428
0,1,-1,0,-1,-1,1,1.0,0.0345,,0.0345,0.0345,0.0345,0.0345,0.0345
0,1,-1,0,-1,1,1,2.0,0.0471,0.003111269837220805,0.0449,0.046,0.0471,0.0482,0.0493
0,1,-1,0,1,-1,1,13.0,0.033069230769230774,0.007844571861631946,0.0244,0.027,0.0345,0.0386,0.0456
0,1,-1,0,1,1,1,8.0,0.03655,0.0055446241660600535,0.0271,0.0341,0.035449999999999995,0.040125,0.0453
0,1,0,0,-1,1,-1,2.0,0.0248,0.0,0.0248,0.0248,0.0248,0.0248,0.0248
0,1,0,0,-1,1,1,44.0,0.04025909090909091,0.00802798356279873,0.0228,0.0341,0.0406,0.0458,0.0559
0,1,0,0,1,-1,1,4.0,0.0466,0.0,0.0466,0.0466,0.0466,0.0466,0.0466
0,1,0,0,1,1,-1,1.0,0.0248,,0.0248,0.0248,0.0248,0.0248,0.0248
0,1,0,0,1,1,1,1500.0,0.04230053333333333,0.007390467670620212,0.0228,0.0377,0.0427,0.047,0.0659
0,1,1,0,1,1,1,13.0,0.04219230769230769,0.004069492502852072,0.0359,0.0397,0.0409,0.0443,0.051
0,1,151,0,1,-1,1,4.0,0.0453,0.0,0.0453,0.0453,0.0453,0.0453,0.0453
0,1,151,0,1,1,1,1.0,0.0453,,0.0453,0.0453,0.0453,0.0453,0.0453
0,1,152,0,1,-1,1,5.0,0.0453,0.0,0.0453,0.0453,0.0453,0.0453,0.0453
0,1,154,0,-1,1,1,5.0,0.0493,0.0,0.0493,0.0493,0.0493,0.0493,0.0493
0,1,155,0,-1,-1,-1,2.0,0.0428,0.0,0.0428,0.0428,0.0428,0.0428,0.0428
0,1,155,0,-1,-1,1,3.0,0.0428,0.0,0.0428,0.0428,0.0428,0.0428,0.0428
0,1,156,0,1,1,1,5.0,0.0398,0.0,0.0398,0.0398,0.0398,0.0398,0.0398
0,1,157,0,1,-1,1,1.0,0.0271,,0.0271,0.0271,0.0271,0.0271,0.0271
0,1,157,0,1,1,1,4.0,0.0271,0.0,0.0271,0.0271,0.0271,0.0271,0.0271
0,1,158,0,-1,-1,1,1.0,0.0368,,0.0368,0.0368,0.0368,0.0368,0.0368
0,1,158,0,1,-1,1,3.0,0.0368,0.0,0.0368,0.0368,0.0368,0.0368,0.0368
0,1,158,0,1,1,1,1.0,0.0368,,0.0368,0.0368,0.0368,0.0368,0.0368
0,1,159,0,-1,1,1,3.0,0.0449,0.0,0.0449,0.0449,0.0449,0.0449,0.0449
0,1,159,0,1,1,1,2.0,0.0449,0.0,0.0449,0.0449,0.0449,0.0449,0.0449
0,1,160,0,1,-1,1,3.0,0.0456,0.0,0.0456,0.0456,0.0456,0.0456,0.0456
0,1,160,0,1,1,1,2.0,0.0456,0.0,0.0456,0.0456,0.0456,0.0456,0.0456
0,1,161,0,1,1,1,5.0,0.0411,0.0,0.0411,0.0411,0.0411,0.0411,0.0411
0,1,222,0,-1,-1,1,4.0,0.0437,0.0,0.0437,0.0437,0.0437,0.0437,0.0437
0,1,222,0,1,-1,1,7.0,0.04370000000000001,7.494862020830963e-18,0.0437,0.0437,0.0437,0.0437,0.0437
0,1,225,0,-1,-1,1,7.0,0.0331,0.0,0.0331,0.0331,0.0331,0.0331,0.0331
0,1,225,0,1,-1,1,4.0,0.0331,0.0,0.0331,0.0331,0.0331,0.0331,0.0331
0,1,226,0,1,-1,-1,5.0,0.0403,0.0,0.0403,0.0403,0.0403,0.0403,0.0403
0,1,226,0,1,-1,1,2.0,0.0403,0.0,0.0403,0.0403,0.0403,0.0403,0.0403
0,1,241,0,-1,1,1,12.0,0.034499999999999996,7.247438314304709e-18,0.0345,0.0345,0.0345,0.0345,0.0345
0,1,247,0,1,1,1,13.0,0.0378,0.0,0.0378,0.0378,0.0378,0.0378,0.0378
0,1,248,0,1,-1,1,1.0,0.0254,,0.0254,0.0254,0.0254,0.0254,0.0254
0,1,248,0,1,1,-1,1.0,0.0254,,0.0254,0.0254,0.0254,0.0254,0.0254
0,1,248,0,1,1,1,11.0,0.0254,0.0,0.0254,0.0254,0.0254,0.0254,0.0254
0,1,250,0,-1,1,-1,1.0,0.0475,,0.0475,0.0475,0.0475,0.0475,0.0475
0,1,250,0,1,1,-1,12.0,0.047499999999999994,7.247438314304709e-18,0.0475,0.0475,0.0475,0.0475,0.0475
0,1,251,0,1,1,-1,9.0,0.0388,0.0,0.0388,0.0388,0.0388,0.0388,0.0388
0,1,251,0,1,1,1,4.0,0.0388,0.0,0.0388,0.0388,0.0388,0.0388,0.0388
0,1,252,0,-1,1,1,1.0,0.0503,,0.0503,0.0503,0.0503,0.0503,0.0503
0,1,252,0,1,1,1,12.0,0.050300000000000004,7.247438314304709e-18,0.0503,0.0503,0.0503,0.0503,0.0503
0,1,265,0,-1,1,-1,1.0,0.0538,,0.0538,0.0538,0.0538,0.0538,0.0538
0,1,265,0,1,1,1,12.0,0.053799999999999994,7.247438314304709e-18,0.0538,0.0538,0.0538,0.0538,0.0538
0,1,267,0,1,1,1,42.0,0.04,0.002459823511416434,0.0365,0.0373,0.040650000000000006,0.0418,0.0431
0,1,268,0,-1,1,-1,7.0,0.0484,0.0,0.0484,0.0484,0.0484,0.0484,0.0484
0,1,269,0,-1,1,-1,2.0,0.0545,0.0,0.0545,0.0545,0.0545,0.0545,0.0545
0,1,269,0,1,1,-1,3.0,0.0545,0.0,0.0545,0.0545,0.0545,0.0545,0.0545
0,1,269,0,1,1,1,2.0,0.0545,0.0,0.0545,0.0545,0.0545,0.0545,0.0545
0,1,270,0,-1,1,-1,3.0,0.022500000000000003,4.2491873609703695e-18,0.0225,0.0225,0.0225,0.0225,0.0225
0,1,270,0,1,1,-1,2.0,0.0225,0.0,0.0225,0.0225,0.0225,0.0225,0.0225
0,1,270,0,1,1,1,2.0,0.0225,0.0,0.0225,0.0225,0.0225,0.0225,0.0225
0,1,271,0,-1,1,-1,6.0,0.041,0.0,0.041,0.041,0.041,0.041,0.041
0,1,271,0,1,1,-1,1.0,0.041,,0.041,0.041,0.041,0.041,0.041
0,1,272,0,1,1,1,7.0,0.04020000000000001,7.494862020830963e-18,0.0402,0.0402,0.0402,0.0402,0.0402
0,1,273,0,-1,1,1,1.0,0.0443,,0.0443,0.0443,0.0443,0.0443,0.0443
0,1,273,0,1,1,1,6.0,0.0443,0.0,0.0443,0.0443,0.0443,0.0443,0.0443
0,1,274,0,-1,1,-1,6.0,0.057,0.0,0.057,0.057,0.057,0.057,0.057
0,1,274,0,-1,1,1,7.0,0.057,0.0,0.057,0.057,0.057,0.057,0.057
0,1,276,0,-1,1,1,13.0,0.0467,0.0,0.0467,0.0467,0.0467,0.0467,0.0467
0,1,310,0,1,1,1,13.0,0.04390000000000001,7.222229756833248e-18,0.0439,0.0439,0.0439,0.0439,0.0439
0,1,311,0,1,1,1,13.0,0.0352,0.0,0.0352,0.0352,0.0352,0.0352,0.0352
0,1,312,0,-1,-1,-1,2.0,0.0488,0.0,0.0488,0.0488,0.0488,0.0488,0.0488
0,1,312,0,-1,-1,1,11.0,0.0488,0.0,0.0488,0.0488,0.0488,0.0488,0.0488
0,1,313,0,-1,1,-1,12.0,0.0502,0.0,0.0502,0.0502,0.0502,0.0502,0.0502
0,1,313,0,-1,1,1,1.0,0.0502,,0.0502,0.0502,0.0502,0.0502,0.0502
0,1,314,0,1,1,-1,9.0,0.0273,0.0,0.0273,0.0273,0.0273,0.0273,0.0273
0,1,314,0,1,1,1,4.0,0.0273,0.0,0.0273,0.0273,0.0273,0.0273,0.0273
0,1,315,0,1,1,1,10.0,0.03810000000000001,7.314236392868128e-18,0.0381,0.0381,0.0381,0.0381,0.0381
0,1,316,0,1,1,1,10.0,0.0402,0.0,0.0402,0.0402,0.0402,0.0402,0.0402
0,1,348,0,1,1,1,72.0,0.03809166666666667,0.0031482948660156154,0.0312,0.0372,0.0382,0.039825,0.0433
0,1,349,0,1,-1,1,9.0,0.0376,0.0,0.0376,0.0376,0.0376,0.0376,0.0376
0,1,353,0,1,-1,1,5.0,0.0353,0.0,0.0353,0.0353,0.0353,0.0353,0.0353
0,1,353,0,1,1,1,4.0,0.0353,0.0,0.0353,0.0353,0.0353,0.0353,0.0353
0,1,355,0,1,-1,1,5.0,0.0462,0.0,0.0462,0.0462,0.0462,0.0462,0.0462
0,1,355,0,1,1,1,4.0,0.0462,0.0,0.0462,0.0462,0.0462,0.0462,0.0462
0,1,526,0,1,-1,-1,7.0,0.047200000000000006,7.494862020830963e-18,0.0472,0.0472,0.0472,0.0472,0.0472
0,1,556,0,-1,1,1,7.0,0.038342857142857144,0.00248854518601876,0.0347,0.037250000000000005,0.0398,0.0398,0.0398
0,1,556,0,1,1,1,5.0,0.03572000000000001,0.0022807893370497857,0.0347,0.0347,0.0347,0.0347,0.0398
0,1,557,0,-1,1,-1,6.0,0.0348,0.0,0.0348,0.0348,0.0348,0.0348,0.0348
0,1,558,0,-1,1,-1,5.0,0.0354,0.0,0.0354,0.0354,0.0354,0.0354,0.0354
0,1,558,0,1,1,-1,1.0,0.0354,,0.0354,0.0354,0.0354,0.0354,0.0354
0,1,559,0,-1,1,1,1.0,0.0544,,0.0544,0.0544,0.0544,0.0544,0.0544
0,1,559,0,1,1,1,5.0,0.05439999999999999,7.757919228897728e-18,0.0544,0.0544,0.0544,0.0544,0.0544
0,1,560,0,1,-1,1,6.0,0.0352,0.0,0.0352,0.0352,0.0352,0.0352,0.0352
0,1,561,0,-1,1,1,1.0,0.0374,,0.0374,0.0374,0.0374,0.0374,0.0374
0,1,561,0,1,1,1,5.0,0.0374,0.0,0.0374,0.0374,0.0374,0.0374,0.0374
0,1,562,0,-1,1,1,6.0,0.0353,0.0,0.0353,0.0353,0.0353,0.0353,0.0353
0,1,563,0,1,-1,1,6.0,0.0385,0.0,0.0385,0.0385,0.0385,0.0385,0.0385
0,1,564,0,1,-1,1,2.0,0.0322,0.0,0.0322,0.0322,0.0322,0.0322,0.0322
0,1,564,0,1,1,1,4.0,0.0322,0.0,0.0322,0.0322,0.0322,0.0322,0.0322
0,1,565,0,1,1,1,6.0,0.0438,0.0,0.0438,0.0438,0.0438,0.0438,0.0438
1,0,-1,1,1,-1,-1,16.0,0.04999375,0.0108740957478465,0.0398,0.044475,0.0453,0.051574999999999996,0.08
1,0,-1,1,1,-1,1,21.0,0.048114285714285714,0.015840842329695914,0.0331,0.0377,0.0431,0.0539,0.0777
1,0,-1,1,1,1,-1,6.0,0.05111666666666667,0.004749912279891775,0.0424,0.05,0.0539,0.0539,0.0539
1,0,-1,1,1,1,1,206.0,0.046318446601941746,0.007981554926115473,0.0263,0.0414,0.045899999999999996,0.0519,0.0767
1,0,-1,2,-1,-1,-1,11.0,0.045163636363636364,0.01349542683484096,0.026,0.0332,0.0472,0.0592,0.0592
1,0,-1,2,1,-1,-1,11.0,0.046781818181818174,0.008608114564969285,0.0336,0.0413,0.0506,0.053599999999999995,0.0561
1,0,-1,2,1,-1,1,18.0,0.04720555555555556,0.00870520278658433,0.0376,0.03895,0.0482,0.050975,0.0719
1,0,-1,2,1,1,-1,11.0,0.03946363636363637,0.009194266988430642,0.0332,0.0332,0.0336,0.0471,0.0596
1,0,-1,2,1,1,1,42.0,0.04494285714285714,0.00828710849738235,0.0332,0.0364,0.0487,0.052,0.0596
1,0,2,1,1,1,1,9.0,0.0331,0.0,0.0331,0.0331,0.0331,0.0331,0.0331
1,0,3,1,1,1,-1,1.0,0.0308,,0.0308,0.0308,0.0308,0.0308,0.0308
1,0,3,1,1,1,1,8.0,0.0308,0.0,0.0308,0.0308,0.0308,0.0308,0.0308
1,0,4,1,1,1,1,9.0,0.0363,0.0,0.0363,0.0363,0.0363,0.0363,0.0363
1,0,5,1,1,1,1,18.0,0.045750000000000006,0.0008746427842267951,0.0449,0.0449,0.04575,0.0466,0.0466
1,0,6,1,1,1,1,6.0,0.062,0.0,0.062,0.062,0.062,0.062,0.062
1,0,7,1,1,1,1,12.0,0.058699999999999995,0.003028951213629142,0.0558,0.0558,0.0587,0.0616,0.0616
1,0,8,1,1,1,1,31.0,0.05921290322580647,0.012523943519927042,0.0416,0.0526,0.0595,0.0697,0.0756
1,0,9,1,1,1,1,103.0,0.035529126213592235,0.004619940392365684,0.0254,0.0331,0.0362,0.0377,0.0455
1,0,10,1,1,1,1,6.0,0.08850000000000001,1.5202354861220293e-17,0.0885,0.0885,0.0885,0.0885,0.0885
1,0,11,1,1,1,1,48.0,0.04673750000000001,0.004790932259476606,0.0419,0.042949999999999995,0.045149999999999996,0.048674999999999996,0.0566
1,0,12,1,1,1,1,6.0,0.073,0.0,0.073,0.073,0.073,0.073,0.073
1,0,13,1,1,1,-1,6.0,0.1042,0.0,0.1042,0.1042,0.1042,0.1042,0.1042
1,0,14,1,1,1,-1,2.0,0.0945,0.0,0.0945,0.0945,0.0945,0.0945,0.0945
1,0,14,1,1,1,1,4.0,0.0945,0.0,0.0945,0.0945,0.0945,0.0945,0.0945
1,0,15,1,1,1,1,6.0,0.0511,0.0,0.0511,0.0511,0.0511,0.0511,0.0511
1,0,16,1,1,1,1,6.0,0.0424,0.0,0.0424,0.0424,0.0424,0.0424,0.0424
1,0,17,1,1,1,1,6.0,0.0473,0.0,0.0473,0.0473,0.0473,0.0473,0.0473
1,0,18,2,1,-1,-1,6.0,0.0376,0.0,0.0376,0.0376,0.0376,0.0376,0.0376
1,0,19,1,1,-1,1,6.0,0.0595,0.0,0.0595,0.0595,0.0595,0.0595,0.0595
1,0,20,1,1,1,1,5.0,0.0522,0.0,0.0522,0.0522,0.0522,0.0522,0.0522
1,0,21,1,1,-1,1,9.0,0.0493,0.0144218584100663,0.0353,0.0429,0.0429,0.0441,0.0743
1,0,21,1,1,1,1,5780.0,0.04801745674740484,0.010434460197578242,0.0216,0.0408,0.0462,0.055,0.0879
1,0,21,2,1,1,1,16.0,0.05546875,0.003842172779387553,0.045,0.0543,0.0543,0.0599,0.0599
1,0,22,1,1,1,1,6.0,0.061900000000000004,7.601177430610146e-18,0.0619,0.0619,0.0619,0.0619,0.0619
1,0,23,1,1,-1,1,5.0,0.0536,0.0,0.0536,0.0536,0.0536,0.0536,0.0536
1,0,24,1,1,1,1,5.0,0.0914,0.0,0.0914,0.0914,0.0914,0.0914,0.0914
1,0,25,1,1,-1,1,6.0,0.05759999999999999,7.601177430610146e-18,0.0576,0.0576,0.0576,0.0576,0.0576
1,0,26,1,1,1,1,5.0,0.0563,0.0,0.0563,0.0563,0.0563,0.0563,0.0563
1,0,27,1,1,1,1,6.0,0.05709999999999999,7.601177430610146e-18,0.0571,0.0571,0.0571,0.0571,0.0571
1,0,28,1,1,1,1,6.0,0.028299999999999995,3.800588715305073e-18,0.0283,0.0283,0.0283,0.0283,0.0283
1,0,29,1,1,1,1,6.0,0.0343,0.0,0.0343,0.0343,0.0343,0.0343,0.0343
1,0,30,1,1,1,1,6.0,0.07130000000000002,1.5202354861220293e-17,0.0713,0.0713,0.0713,0.0713,0.0713
1,0,31,2,1,-1,1,6.0,0.0203,0.0,0.0203,0.0203,0.0203,0.0203,0.0203
1,0,32,1,1,-1,1,1.0,0.0393,,0.0393,0.0393,0.0393,0.0393,0.0393
1,0,32,1,1,1,1,5.0,0.0393,0.0,0.0393,0.0393,0.0393,0.0393,0.0393
1,0,33,2,1,-1,-1,6.0,0.0257,0.0,0.0257,0.0257,0.0257,0.0257,0.0257
1,0,34,2,-1,1,-1,6.0,0.018600000000000002,3.800588715305073e-18,0.0186,0.0186,0.0186,0.0186,0.0186
1,0,35,2,-1,1,-1,5.0,0.0182,0.0,0.0182,0.0182,0.0182,0.0182,0.0182
1,0,35,2,-1,1,1,1.0,0.0182,,0.0182,0.0182,0.0182,0.0182,0.0182
1,0,36,2,-1,1,1,3.0,0.0214,0.0,0.0214,0.0214,0.0214,0.0214,0.0214
1,0,36,2,1,1,1,3.0,0.0214,0.0,0.0214,0.0214,0.0214,0.0214,0.0214
1,0,37,2,1,1,-1,6.0,0.03239999999999999,7.601177430610146e-18,0.0324,0.0324,0.0324,0.0324,0.0324
1,0,38,2,-1,-1,-1,6.0,0.0335,0.0,0.0335,0.0335,0.0335,0.0335,0.0335
1,0,39,2,1,1,1,6.0,0.0326,0.0,0.0326,0.0326,0.0326,0.0326,0.0326
1,0,40,1,1,1,1,6.0,0.030299999999999997,3.800588715305073e-18,0.0303,0.0303,0.0303,0.0303,0.0303
1,0,41,2,1,1,1,12.0,0.0336,0.00490898989795068,0.0289,0.0289,0.0336,0.0383,0.0383
1,0,42,1,1,1,1,18.0,0.03053333333333334,0.001845184511736682,0.028,0.028,0.0317,0.0319,0.0319
1,0,43,1,1,1,1,102.0,0.04438627450980391,0.005227953032879817,0.0367,0.04025,0.0443,0.0455,0.0608
1,0,44,1,1,-1,-1,1.0,0.0613,,0.0613,0.0613,0.0613,0.0613,0.0613
1,0,44,1,1,1,-1,1.0,0.0613,,0.0613,0.0613,0.0613,0.0613,0.0613
1,0,44,1,1,1,1,4.0,0.0613,0.0,0.0613,0.0613,0.0613,0.0613,0.0613
1,0,45,1,1,1,1,6.0,0.031,0.0,0.031,0.031,0.031,0.031,0.031
1,0,46,2,1,-1,1,6.0,0.0386,0.0,0.0386,0.0386,0.0386,0.0386,0.0386
1,0,47,2,1,1,1,6.0,0.0452,0.0,0.0452,0.0452,0.0452,0.0452,0.0452
1,0,48,1,1,1,1,8.0,0.0304,0.0,0.0304,0.0304,0.0304,0.0304,0.0304
1,0,49,1,1,1,1,8.0,0.035,0.0,0.035,0.035,0.035,0.035,0.035
1,0,50,2,1,1,-1,1.0,0.0252,,0.0252,0.0252,0.0252,0.0252,0.0252
1,0,50,2,1,1,1,7.0,0.0252,0.0,0.0252,0.0252,0.0252,0.0252,0.0252
1,0,51,1,1,1,1,8.0,0.049,0.0,0.049,0.049,0.049,0.049,0.049
1,0,52,1,1,1,1,8.0,0.0636,0.0,0.0636,0.0636,0.0636,0.0636,0.0636
1,0,53,1,1,1,1,24.0,0.04943333333333333,0.0029727262654464792,0.0465,0.0465,0.0484,0.0534,0.0534
1,0,54,1,1,1,1,8.0,0.0752,0.0,0.0752,0.0752,0.0752,0.0752,0.0752
1,0,55,1,1,1,1,8.0,0.0514,0.0,0.0514,0.0514,0.0514,0.0514,0.0514
1,0,56,1,1,1,1,52.0,0.058503846153846135,0.00847438959658398,0.0449,0.0515,0.0559,0.0682,0.0683
1,0,57,2,1,1,1,8.0,0.0483,0.0,0.0483,0.0483,0.0483,0.0483,0.0483
1,0,58,1,1,1,1,8.0,0.0313,0.0,0.0313,0.0313,0.0313,0.0313,0.0313
1,0,59,1,1,1,1,8.0,0.0375,0.0,0.0375,0.0375,0.0375,0.0375,0.0375
1,0,60,2,1,1,1,8.0,0.0401,0.0,0.0401,0.0401,0.0401,0.0401,0.0401
1,0,61,2,1,1,1,8.0,0.0366,0.0,0.0366,0.0366,0.0366,0.0366,0.0366
1,0,62,1,1,1,1,8.0,0.0635,0.0,0.0635,0.0635,0.0635,0.0635,0.0635
1,0,63,1,1,1,1,153.0,0.029411111111111114,0.006481162537404637,0.0166,0.0253,0.0302,0.0328,0.0418
1,0,63,2,1,1,1,44.0,0.03335,0.002034184597509328,0.0293,0.0334,0.0338,0.0346,0.0352
1,0,64,1,1,1,1,1863.0,0.04415271068169618,0.006995988716078528,0.0271,0.0397,0.0433,0.0484,0.0751
1,0,64,2,1,1,1,96.0,0.04086458333333333,0.006729150711512235,0.0315,0.0356,0.04095,0.0478,0.0517
1,0,65,2,1,1,1,12.0,0.04445000000000001,0.0007833494518006374,0.0437,0.0437,0.04445,0.0452,0.0452
1,0,66,2,-1,1,-1,6.0,0.0463,0.0,0.0463,0.0463,0.0463,0.0463,0.0463
1,0,67,2,-1,1,-1,6.0,0.030799999999999998,3.800588715305073e-18,0.0308,0.0308,0.0308,0.0308,0.0308
1,0,68,2,-1,-1,-1,6.0,0.04420000000000001,7.601177430610146e-18,0.0442,0.0442,0.0442,0.0442,0.0442
1,0,69,2,-1,1,-1,6.0,0.0343,0.0,0.0343,0.0343,0.0343,0.0343,0.0343
1,0,70,2,-1,1,-1,6.0,0.0328,0.0,0.0328,0.0328,0.0328,0.0328,0.0328
1,0,72,2,1,1,-1,2.0,0.048,0.0,0.048,0.048,0.048,0.048,0.048
1,0,72,2,1,1,1,5.0,0.048,0.0,0.048,0.048,0.048,0.048,0.048
1,0,73,1,1,-1,1,2.0,0.056,0.0,0.056,0.056,0.056,0.056,0.056
1,0,73,1,1,1,1,5.0,0.05600000000000001,7.757919228897728e-18,0.056,0.056,0.056,0.056,0.056
1,0,74,1,1,1,1,17.0,0.04837058823529411,0.0027965971970151434,0.0452,0.0452,0.0479,0.0522,0.0522
1,0,83,1,1,-1,1,2.0,0.05,0.0,0.05,0.05,0.05,0.05,0.05
1,0,83,1,1,1,1,4.0,0.05,0.0,0.05,0.05,0.05,0.05,0.05
1,0,84,1,1,1,1,6.0,0.0585,0.0,0.0585,0.0585,0.0585,0.0585,0.0585
1,0,85,1,1,1,1,12.0,0.0463,0.002297825058615212,0.0441,0.0441,0.0463,0.0485,0.0485
1,0,86,1,1,1,1,6.0,0.0497,0.0,0.0497,0.0497,0.0497,0.0497,0.0497
1,0,87,1,1,1,1,6.0,0.05959999999999999,7.601177430610146e-18,0.0596,0.0596,0.0596,0.0596,0.0596
1,0,88,1,1,-1,-1,4.0,0.0561,0.0,0.0561,0.0561,0.0561,0.0561,0.0561
1,0,88,1,1,-1,1,2.0,0.0561,0.0,0.0561,0.0561,0.0561,0.0561,0.0561
1,0,89,1,1,1,1,18.0,0.0562,0.004294730012742704,0.0509,0.0509,0.0566,0.0611,0.0611
1,0,90,1,1,1,1,6.0,0.05559999999999999,7.601177430610146e-18,0.0556,0.0556,0.0556,0.0556,0.0556
1,0,91,1,1,1,1,6.0,0.0564,0.0,0.0564,0.0564,0.0564,0.0564,0.0564
1,0,92,1,1,1,1,6.0,0.0429,0.0,0.0429,0.0429,0.0429,0.0429,0.0429
1,0,93,1,1,1,1,354.0,0.030587288135593218,0.006892705179604497,0.0183,0.0255,0.0299,0.0342,0.0458
1,0,94,1,1,1,1,6.0,0.0405,0.0,0.0405,0.0405,0.0405,0.0405,0.0405
1,0,95,2,1,1,1,6.0,0.0458,0.0,0.0458,0.0458,0.0458,0.0458,0.0458
1,0,96,1,1,-1,1,1.0,0.0381,,0.0381,0.0381,0.0381,0.0381,0.0381
1,0,96,1,1,1,1,5.0,0.0381,0.0,0.0381,0.0381,0.0381,0.0381,0.0381
1,0,97,1,1,1,1,8.0,0.0344,0.0,0.0344,0.0344,0.0344,0.0344,0.0344
1,0,98,2,1,1,1,102.0,0.036685294117647066,0.004064587396614511,0.0257,0.0356,0.0367,0.0393,0.042
1,0,99,2,1,-1,-1,7.0,0.047200000000000006,7.494862020830963e-18,0.0472,0.0472,0.0472,0.0472,0.0472
1,0,99,2,1,-1,1,1.0,0.0472,,0.0472,0.0472,0.0472,0.0472,0.0472
1,0,100,1,1,-1,-1,7.0,0.0473,0.0,0.0473,0.0473,0.0473,0.0473,0.0473
1,0,100,1,1,-1,1,1.0,0.0473,,0.0473,0.0473,0.0473,0.0473,0.0473
1,0,101,1,1,1,1,18.0,0.0315,0.0017238807110361064,0.0295,0.0295,0.0314,0.0336,0.0336
1,0,102,2,1,1,1,5.0,0.0496,0.0,0.0496,0.0496,0.0496,0.0496,0.0496
1,0,103,2,1,1,1,5.0,0.0398,0.0,0.0398,0.0398,0.0398,0.0398,0.0398
1,0,104,2,1,-1,1,1.0,0.0421,,0.0421,0.0421,0.0421,0.0421,0.0421
1,0,104,2,1,1,1,4.0,0.0421,0.0,0.0421,0.0421,0.0421,0.0421,0.0421
1,0,105,2,1,-1,-1,3.0,0.0506,0.0,0.0506,0.0506,0.0506,0.0506,0.0506
1,0,105,2,1,-1,1,2.0,0.0506,0.0,0.0506,0.0506,0.0506,0.0506,0.0506
1,0,106,2,-1,-1,-1,5.0,0.0472,0.0,0.0472,0.0472,0.0472,0.0472,0.0472
1,0,107,1,1,-1,-1,5.0,0.042,0.0,0.042,0.042,0.042,0.042,0.042
1,0,108,2,1,-1,1,2.0,0.041,0.0,0.041,0.041,0.041,0.041,0.041
1,0,108,2,1,1,1,3.0,0.041,0.0,0.041,0.041,0.041,0.041,0.041
1,0,109,1,1,1,-1,2.0,0.0428,0.0,0.0428,0.0428,0.0428,0.0428,0.0428
1,0,109,1,1,1,1,16.0,0.041112499999999996,0.0026755373292107133,0.0375,0.0382,0.0423,0.043,0.044
1,0,110,1,1,1,1,15.0,0.05294,0.002660504785616016,0.0491,0.0518,0.0532,0.0536,0.057
1,0,111,1,1,1,1,15.0,0.05294,0.002660504785616016,0.0491,0.0518,0.0532,0.0536,0.057
1,0,112,1,1,1,-1,3.0,0.0428,0.0,0.0428,0.0428,0.0428,0.0428,0.0428
1,0,112,1,1,1,1,15.0,0.041,0.0027299921506951518,0.0375,0.0382,0.0423,0.043,0.044
1,0,113,1,1,1,1,64.0,0.0479046875,0.005331798281693209,0.0389,0.0439,0.0513,0.0515,0.0557
1,0,114,1,1,1,1,6.0,0.047850000000000004,0.0039983746697877095,0.0442,0.0442,0.047850000000000004,0.0515,0.0515
1,0,115,2,1,1,-1,29.0,0.036486206896551715,0.0013306078465796425,0.0355,0.0358,0.0358,0.037,0.0408
1,0,115,2,1,1,1,16.0,0.037875000000000006,0.0026664583251946794,0.0355,0.0355,0.0358,0.0408,0.0408
1,0,116,1,1,1,1,45.0,0.04424,0.0033787706209642146,0.041,0.0418,0.0421,0.0467,0.0496
1,0,117,1,1,1,1,9.0,0.046,0.0,0.046,0.046,0.046,0.046,0.046
1,0,118,1,1,1,1,18.0,0.0412,0.0019550838706246,0.0393,0.0393,0.0412,0.0431,0.0431
1,0,119,1,1,1,1,9.0,0.0475,0.0,0.0475,0.0475,0.0475,0.0475,0.0475
1,0,120,1,1,1,1,9.0,0.0427,0.0,0.0427,0.0427,0.0427,0.0427,0.0427
1,0,121,1,1,1,1,9.0,0.0402,0.0,0.0402,0.0402,0.0402,0.0402,0.0402
1,0,122,1,1,1,1,9.0,0.0412,0.0,0.0412,0.0412,0.0412,0.0412,0.0412
1,0,123,1,1,1,1,9.0,0.0434,0.0,0.0434,0.0434,0.0434,0.0434,0.0434
1,0,124,2,1,1,1,6.0,0.036399999999999995,7.601177430610146e-18,0.0364,0.0364,0.0364,0.0364,0.0364
1,0,125,2,1,1,1,12.0,0.0401,0.0003133397807202542,0.0398,0.0398,0.0401,0.0404,0.0404
1,0,126,1,1,1,1,12.0,0.04985,0.0004700096710803832,0.0494,0.0494,0.04985,0.0503,0.0503
1,0,127,1,1,1,1,5.0,0.0456,0.0,0.0456,0.0456,0.0456,0.0456,0.0456
1,0,128,1,1,1,1,5.0,0.0635,0.0,0.0635,0.0635,0.0635,0.0635,0.0635
1,0,129,1,1,-1,-1,5.0,0.08,0.0,0.08,0.08,0.08,0.08,0.08
1,0,130,1,-1,-1,-1,1.0,0.0635,,0.0635,0.0635,0.0635,0.0635,0.0635
1,0,130,1,1,-1,-1,4.0,0.0635,0.0,0.0635,0.0635,0.0635,0.0635,0.0635
1,0,131,1,1,1,1,5.0,0.0377,0.0,0.0377,0.0377,0.0377,0.0377,0.0377
1,0,132,1,1,1,1,5.0,0.0431,0.0,0.0431,0.0431,0.0431,0.0431,0.0431
1,0,133,1,1,1,1,5.0,0.0389,0.0,0.0389,0.0389,0.0389,0.0389,0.0389
1,0,135,1,1,-1,-1,5.0,0.0484,0.0,0.0484,0.0484,0.0484,0.0484,0.0484
1,0,136,1,1,1,1,5.0,0.0424,0.0,0.0424,0.0424,0.0424,0.0424,0.0424
1,0,137,1,1,1,1,9.0,0.04677777777777778,0.005826829707863826,0.0389,0.0426,0.0441,0.0514,0.0557
1,0,138,1,1,1,1,5.0,0.0465,0.0,0.0465,0.0465,0.0465,0.0465,0.0465
1,0,139,2,1,-1,1,4.0,0.0529,0.0,0.0529,0.0529,0.0529,0.0529,0.0529
1,0,139,2,1,1,1,1.0,0.0529,,0.0529,0.0529,0.0529,0.0529,0.0529
1,0,140,1,1,-1,-1,1.0,0.0424,,0.0424,0.0424,0.0424,0.0424,0.0424
1,0,140,1,1,1,-1,4.0,0.0424,0.0,0.0424,0.0424,0.0424,0.0424,0.0424
1,0,141,1,1,1,1,5.0,0.0493,0.0,0.0493,0.0493,0.0493,0.0493,0.0493
1,0,142,1,1,1,1,5.0,0.064,0.0,0.064,0.064,0.064,0.064,0.064
1,0,143,1,1,1,1,5.0,0.0395,0.0,0.0395,0.0395,0.0395,0.0395,0.0395
1,0,144,1,1,1,1,5.0,0.0519,0.0,0.0519,0.0519,0.0519,0.0519,0.0519
1,0,145,1,1,-1,-1,5.0,0.0615,0.0,0.0615,0.0615,0.0615,0.0615,0.0615
1,0,146,1,1,-1,-1,3.0,0.0398,0.0,0.0398,0.0398,0.0398,0.0398,0.0398
1,0,146,1,1,-1,1,2.0,0.0398,0.0,0.0398,0.0398,0.0398,0.0398,0.0398
1,0,147,2,1,1,1,30.0,0.036699999999999997,0.00245160046247063,0.0337,0.0348,0.036500000000000005,0.0375,0.0412
1,0,148,2,1,1,1,6.0,0.0367,0.0026404545063303023,0.0337,0.035025,0.036500000000000005,0.03745,0.0412
1,0,149,2,1,1,1,5.0,0.0353,0.0,0.0353,0.0353,0.0353,0.0353,0.0353
1,0,150,2,1,-1,-1,5.0,0.0389,0.0,0.0389,0.0389,0.0389,0.0389,0.0389
1,0,162,1,1,1,1,38.0,0.04204736842105263,0.00380474361405674,0.037,0.0401,0.0409,0.046225,0.0479
1,0,163,1,1,1,1,5.0,0.0485,0.0,0.0485,0.0485,0.0485,0.0485,0.0485
1,0,164,2,1,1,1,5.0,0.0356,0.0,0.0356,0.0356,0.0356,0.0356,0.0356
1,0,165,1,1,1,1,5.0,0.0438,0.0,0.0438,0.0438,0.0438,0.0438,0.0438
1,0,166,1,1,1,1,5.0,0.0449,0.0,0.0449,0.0449,0.0449,0.0449,0.0449
1,0,167,1,1,-1,1,5.0,0.037,0.0,0.037,0.037,0.037,0.037,0.037
1,0,168,1,1,1,1,5.0,0.0388,0.0,0.0388,0.0388,0.0388,0.0388,0.0388
1,0,169,1,1,1,1,5.0,0.0439,0.0,0.0439,0.0439,0.0439,0.0439,0.0439
1,0,170,1,1,1,1,12.0,0.05385,0.0023500483554019192,0.0516,0.0516,0.053849999999999995,0.0561,0.0561
1,0,171,1,1,-1,-1,2.0,0.0478,0.0,0.0478,0.0478,0.0478,0.0478,0.0478
1,0,171,1,1,-1,1,3.0,0.0478,0.0,0.0478,0.0478,0.0478,0.0478,0.0478
1,0,172,1,1,-1,1,1.0,0.0745,,0.0745,0.0745,0.0745,0.0745,0.0745
1,0,172,1,1,1,1,11.0,0.07820909090909091,0.0035511841814962358,0.0745,0.0745,0.0813,0.0813,0.0813
1,0,173,1,1,1,1,5.0,0.0767,0.0,0.0767,0.0767,0.0767,0.0767,0.0767
1,0,174,2,1,-1,1,5.0,0.0719,0.0,0.0719,0.0719,0.0719,0.0719,0.0719
1,0,175,1,1,-1,1,1.0,0.0491,,0.0491,0.0491,0.0491,0.0491,0.0491
1,0,175,1,1,1,1,4.0,0.0491,0.0,0.0491,0.0491,0.0491,0.0491,0.0491
1,0,176,1,1,1,1,5.0,0.0665,0.0,0.0665,0.0665,0.0665,0.0665,0.0665
1,0,177,1,1,1,1,5.0,0.0514,0.0,0.0514,0.0514,0.0514,0.0514,0.0514
1,0,178,1,1,1,1,5.0,0.0642,0.0,0.0642,0.0642,0.0642,0.0642,0.0642
1,0,179,2,1,-1,1,5.0,0.05620000000000001,7.757919228897728e-18,0.0562,0.0562,0.0562,0.0562,0.0562
1,0,180,1,1,-1,-1,5.0,0.0611,0.0,0.0611,0.0611,0.0611,0.0611,0.0611
1,0,181,1,1,1,1,12.0,0.04059999999999999,7.247438314304709e-18,0.0406,0.0406,0.0406,0.0406,0.0406
1,0,182,1,1,1,1,12.0,0.0463,0.0,0.0463,0.0463,0.0463,0.0463,0.0463
1,0,183,1,1,1,1,12.0,0.038700000000000005,7.247438314304709e-18,0.0387,0.0387,0.0387,0.0387,0.0387
1,0,184,1,1,1,1,12.0,0.0332,0.0,0.0332,0.0332,0.0332,0.0332,0.0332
1,0,185,1,1,1,1,12.0,0.0502,0.0,0.0502,0.0502,0.0502,0.0502,0.0502
1,0,186,1,1,1,1,12.0,0.0444,0.0,0.0444,0.0444,0.0444,0.0444,0.0444
1,0,187,1,1,1,-1,12.0,0.0489,0.0,0.0489,0.0489,0.0489,0.0489,0.0489
1,0,188,1,1,1,1,12.0,0.0509,0.0,0.0509,0.0509,0.0509,0.0509,0.0509
1,0,189,1,1,-1,-1,1.0,0.0419,,0.0419,0.0419,0.0419,0.0419,0.0419
1,0,189,1,1,-1,1,11.0,0.0419,0.0,0.0419,0.0419,0.0419,0.0419,0.0419
1,0,190,1,1,-1,1,5.0,0.0344,0.0,0.0344,0.0344,0.0344,0.0344,0.0344
1,0,191,1,1,1,1,80.0,0.03775,0.002606952729077682,0.0334,0.036175,0.03755,0.039349999999999996,0.0433
1,0,192,2,1,-1,1,2.0,0.0394,0.0,0.0394,0.0394,0.0394,0.0394,0.0394
1,0,192,2,1,1,1,8.0,0.037899999999999996,0.0012421180068162372,0.037,0.037,0.037,0.0394,0.0394
1,0,193,1,1,-1,1,5.0,0.0304,0.0,0.0304,0.0304,0.0304,0.0304,0.0304
1,0,194,1,1,1,1,5.0,0.0394,0.0,0.0394,0.0394,0.0394,0.0394,0.0394
1,0,195,1,1,-1,1,4.0,0.0432,0.0,0.0432,0.0432,0.0432,0.0432,0.0432
1,0,195,1,1,1,1,1.0,0.0432,,0.0432,0.0432,0.0432,0.0432,0.0432
1,0,196,1,1,1,1,5.0,0.0368,0.0,0.0368,0.0368,0.0368,0.0368,0.0368
1,0,197,1,1,1,1,5.0,0.0476,0.0,0.0476,0.0476,0.0476,0.0476,0.0476
1,0,198,2,1,-1,1,5.0,0.0516,0.0,0.0516,0.0516,0.0516,0.0516,0.0516
1,0,199,2,1,1,1,10.0,0.04820000000000001,0.0037947331922020544,0.0446,0.0446,0.0482,0.0518,0.0518
1,0,200,2,1,1,1,5.0,0.053500000000000006,7.757919228897728e-18,0.0535,0.0535,0.0535,0.0535,0.0535
1,0,201,2,1,1,1,20.0,0.04947499999999999,0.0038989708493666025,0.0438,0.047175,0.0503,0.0526,0.0535
1,0,202,2,1,1,1,5.0,0.0501,0.0,0.0501,0.0501,0.0501,0.0501,0.0501
1,0,203,1,1,-1,1,1.0,0.0536,,0.0536,0.0536,0.0536,0.0536,0.0536
1,0,203,1,1,1,1,4.0,0.0536,0.0,0.0536,0.0536,0.0536,0.0536,0.0536
1,0,204,2,1,-1,1,5.0,0.0376,0.0,0.0376,0.0376,0.0376,0.0376,0.0376
1,0,208,2,1,1,1,35.0,0.03654285714285715,0.0027218382320307976,0.0319,0.0357,0.0362,0.0379,0.0416
1,0,211,2,1,-1,-1,1.0,0.0326,,0.0326,0.0326,0.0326,0.0326,0.0326
1,0,211,2,1,-1,1,4.0,0.0326,0.0,0.0326,0.0326,0.0326,0.0326,0.0326
1,0,213,2,1,-1,1,5.0,0.0443,0.0,0.0443,0.0443,0.0443,0.0443,0.0443
1,0,216,2,1,1,1,45.0,0.04551111111111111,0.010852675041461233,0.0291,0.036,0.0468,0.0512,0.0629
1,0,217,2,-1,-1,-1,4.0,0.0339,0.0,0.0339,0.0339,0.0339,0.0339,0.0339
1,0,217,2,-1,-1,1,1.0,0.0339,,0.0339,0.0339,0.0339,0.0339,0.0339
1,0,218,2,1,1,1,5.0,0.0458,0.0,0.0458,0.0458,0.0458,0.0458,0.0458
1,0,219,1,1,-1,1,5.0,0.0524,0.0,0.0524,0.0524,0.0524,0.0524,0.0524
1,0,220,2,1,1,1,5.0,0.0342,0.0,0.0342,0.0342,0.0342,0.0342,0.0342
1,0,221,2,1,-1,1,11.0,0.0404,0.0,0.0404,0.0404,0.0404,0.0404,0.0404
1,0,223,2,1,-1,-1,11.0,0.0439,0.0,0.0439,0.0439,0.0439,0.0439,0.0439
1,0,224,2,1,1,-1,11.0,0.0463,0.0,0.0463,0.0463,0.0463,0.0463,0.0463
1,0,227,1,1,1,1,12.0,0.0403,0.0,0.0403,0.0403,0.0403,0.0403,0.0403
1,0,228,1,1,1,1,12.0,0.0418,0.0,0.0418,0.0418,0.0418,0.0418,0.0418
1,0,229,1,1,1,1,48.0,0.047224999999999996,0.0065189902624987256,0.039,0.042374999999999996,0.047049999999999995,0.0519,0.0558
1,0,230,1,1,1,1,12.0,0.0509,0.0,0.0509,0.0509,0.0509,0.0509,0.0509
1,0,231,1,1,1,1,12.0,0.0595,0.0,0.0595,0.0595,0.0595,0.0595,0.0595
1,0,232,2,1,1,1,12.0,0.0515,0.0,0.0515,0.0515,0.0515,0.0515,0.0515
1,0,233,2,1,1,1,12.0,0.0487,0.0,0.0487,0.0487,0.0487,0.0487,0.0487
1,0,234,2,1,1,1,6.0,0.0247,0.0,0.0247,0.0247,0.0247,0.0247,0.0247
1,0,235,2,1,-1,1,6.0,0.0489,0.0,0.0489,0.0489,0.0489,0.0489,0.0489
1,0,236,1,1,1,1,18.0,0.046900000000000004,0.002189278688625681,0.0439,0.0439,0.0482,0.0486,0.0486
1,0,237,1,1,1,1,6.0,0.0515,0.0,0.0515,0.0515,0.0515,0.0515,0.0515
1,0,238,2,1,1,1,6.0,0.026,0.0,0.026,0.026,0.026,0.026,0.026
1,0,239,2,1,-1,-1,6.0,0.05530000000000001,7.601177430610146e-18,0.0553,0.0553,0.0553,0.0553,0.0553
1,0,240,1,1,-1,1,6.0,0.0646,0.0,0.0646,0.0646,0.0646,0.0646,0.0646
1,0,242,2,-1,1,-1,12.0,0.03500000000000001,7.247438314304709e-18,0.035,0.035,0.035,0.035,0.035
1,0,243,2,-1,1,-1,12.0,0.0337,0.0,0.0337,0.0337,0.0337,0.0337,0.0337
1,0,244,1,1,1,1,12.0,0.0261,0.0,0.0261,0.0261,0.0261,0.0261,0.0261
1,0,245,1,1,1,1,12.0,0.06620000000000001,1.4494876628609418e-17,0.0662,0.0662,0.0662,0.0662,0.0662
1,0,246,2,1,1,-1,12.0,0.05100000000000001,1.4494876628609418e-17,0.051,0.051,0.051,0.051,0.051
1,0,249,1,1,1,1,13.0,0.03349999999999999,1.4444459513666495e-17,0.0335,0.0335,0.0335,0.0335,0.0335
1,0,253,1,-1,1,1,1.0,0.0345,,0.0345,0.0345,0.0345,0.0345,0.0345
1,0,253,1,1,1,1,12.0,0.034499999999999996,7.247438314304709e-18,0.0345,0.0345,0.0345,0.0345,0.0345
1,0,254,1,1,1,1,7.0,0.0438,0.0,0.0438,0.0438,0.0438,0.0438,0.0438
1,0,255,1,1,1,1,7.0,0.045700000000000005,7.494862020830963e-18,0.0457,0.0457,0.0457,0.0457,0.0457
1,0,256,2,1,1,1,7.0,0.0443,0.0,0.0443,0.0443,0.0443,0.0443,0.0443
1,0,257,1,1,1,1,7.0,0.0389,0.0,0.0389,0.0389,0.0389,0.0389,0.0389
1,0,258,2,1,1,1,7.0,0.039700000000000006,7.494862020830963e-18,0.0397,0.0397,0.0397,0.0397,0.0397
1,0,259,1,1,1,1,7.0,0.035,0.0,0.035,0.035,0.035,0.035,0.035
1,0,260,1,1,1,1,13.0,0.04220000000000001,7.222229756833248e-18,0.0422,0.0422,0.0422,0.0422,0.0422
1,0,261,1,1,1,1,13.0,0.04110000000000001,1.4444459513666495e-17,0.0411,0.0411,0.0411,0.0411,0.0411
1,0,262,1,1,1,1,13.0,0.04290000000000001,7.222229756833248e-18,0.0429,0.0429,0.0429,0.0429,0.0429
1,0,263,1,1,1,1,52.0,0.054700000000000006,0.0061441826463864875,0.0448,0.05245,0.05655,0.0588,0.0609
1,0,263,2,1,1,1,13.0,0.062100000000000016,1.4444459513666495e-17,0.0621,0.0621,0.0621,0.0621,0.0621
1,0,264,1,1,1,1,13.0,0.04059999999999998,1.4444459513666495e-17,0.0406,0.0406,0.0406,0.0406,0.0406
1,0,266,1,1,1,1,13.0,0.04190000000000001,7.222229756833248e-18,0.0419,0.0419,0.0419,0.0419,0.0419
1,0,275,1,1,1,1,39.0,0.03423333333333333,0.00034437841283691244,0.0339,0.0339,0.0341,0.0347,0.0347
1,0,277,1,1,1,1,13.0,0.0332,0.0,0.0332,0.0332,0.0332,0.0332,0.0332
1,0,278,1,1,1,1,13.0,0.046200000000000005,7.222229756833248e-18,0.0462,0.0462,0.0462,0.0462,0.0462
1,0,279,1,1,1,1,7.0,0.030299999999999997,3.7474310104154816e-18,0.0303,0.0303,0.0303,0.0303,0.0303
1,0,280,1,1,-1,1,7.0,0.045200000000000004,7.494862020830963e-18,0.0452,0.0452,0.0452,0.0452,0.0452
1,0,281,1,1,1,1,7.0,0.0331,0.0,0.0331,0.0331,0.0331,0.0331,0.0331
1,0,283,2,1,-1,1,7.0,0.0366,0.0,0.0366,0.0366,0.0366,0.0366,0.0366
1,0,284,2,1,-1,1,7.0,0.046200000000000005,7.494862020830963e-18,0.0462,0.0462,0.0462,0.0462,0.0462
1,0,285,1,1,-1,1,7.0,0.038200000000000005,7.494862020830963e-18,0.0382,0.0382,0.0382,0.0382,0.0382
1,0,286,1,1,1,1,56.0,0.0459,0.004554158938417019,0.0373,0.044475,0.04595,0.048475,0.0518
1,0,287,1,1,1,1,8.0,0.0424,0.0,0.0424,0.0424,0.0424,0.0424,0.0424
1,0,288,2,1,1,1,44.0,0.04483181818181817,0.0016589114849836217,0.0431,0.0432,0.04445,0.0464,0.0472
1,0,289,2,-1,-1,-1,6.0,0.0405,0.0,0.0405,0.0405,0.0405,0.0405,0.0405
1,0,290,2,-1,-1,-1,4.0,0.049,0.0,0.049,0.049,0.049,0.049,0.049
1,0,290,2,-1,1,-1,1.0,0.049,,0.049,0.049,0.049,0.049,0.049
1,0,290,2,-1,1,1,2.0,0.049,0.0,0.049,0.049,0.049,0.049,0.049
1,0,290,2,1,1,1,41.0,0.04421951219512195,0.001441391604005506,0.0421,0.0433,0.0448,0.0449,0.049
1,0,291,1,1,-1,1,8.0,0.0674,0.0,0.0674,0.0674,0.0674,0.0674,0.0674
1,0,292,2,1,1,1,8.0,0.0486,0.0,0.0486,0.0486,0.0486,0.0486,0.0486
1,0,293,2,1,1,1,8.0,0.0494,0.0,0.0494,0.0494,0.0494,0.0494,0.0494
1,0,294,2,-1,-1,-1,8.0,0.0427,0.0,0.0427,0.0427,0.0427,0.0427,0.0427
1,0,295,1,1,1,1,98.0,0.03344795918367347,0.0025099895096440225,0.0291,0.0302,0.0344,0.0351,0.0367
1,0,296,2,1,1,1,8.0,0.0545,0.0,0.0545,0.0545,0.0545,0.0545,0.0545
1,0,297,2,-1,-1,-1,8.0,0.037,0.0,0.037,0.037,0.037,0.037,0.037
1,0,298,2,-1,1,1,4.0,0.0435,0.0,0.0435,0.0435,0.0435,0.0435,0.0435
1,0,298,2,1,1,1,2.0,0.0435,0.0,0.0435,0.0435,0.0435,0.0435,0.0435
1,0,299,1,1,1,1,8.0,0.0396,0.0,0.0396,0.0396,0.0396,0.0396,0.0396
1,0,300,2,1,1,1,8.0,0.042,0.0,0.042,0.042,0.042,0.042,0.042
1,0,301,1,1,1,1,8.0,0.058,0.0,0.058,0.058,0.058,0.058,0.058
1,0,302,1,1,1,1,8.0,0.0505,0.0,0.0505,0.0505,0.0505,0.0505,0.0505
1,0,303,1,1,1,1,9.0,0.0364,0.0,0.0364,0.0364,0.0364,0.0364,0.0364
1,0,304,1,1,1,1,36.0,0.060625000000000005,0.0052131358810494945,0.0519,0.059925000000000006,0.0627,0.0634,0.0652
1,0,305,1,1,1,1,9.0,0.0341,0.0,0.0341,0.0341,0.0341,0.0341,0.0341
1,0,306,1,1,-1,1,9.0,0.032,0.0,0.032,0.032,0.032,0.032,0.032
1,0,307,2,1,1,-1,8.0,0.0368,0.0,0.0368,0.0368,0.0368,0.0368,0.0368
1,0,307,2,1,1,1,1.0,0.0368,,0.0368,0.0368,0.0368,0.0368,0.0368
1,0,308,1,1,1,1,9.0,0.0445,0.0,0.0445,0.0445,0.0445,0.0445,0.0445
1,0,309,1,1,1,1,9.0,0.0345,0.0,0.0345,0.0345,0.0345,0.0345,0.0345
1,0,317,1,1,1,1,14.0,0.0474,0.0019717231823185278,0.0455,0.0455,0.0474,0.0493,0.0493
1,0,318,1,1,-1,1,3.0,0.0497,0.0,0.0497,0.0497,0.0497,0.0497,0.0497
1,0,318,1,1,1,1,4.0,0.0497,0.0,0.0497,0.0497,0.0497,0.0497,0.0497
1,0,319,1,1,1,1,7.0,0.04420000000000001,7.494862020830963e-18,0.0442,0.0442,0.0442,0.0442,0.0442
1,0,320,1,1,1,1,21.0,0.023866666666666665,0.002325152324759247,0.0217,0.0217,0.0229,0.027,0.027
1,0,321,1,1,1,1,7.0,0.039700000000000006,7.494862020830963e-18,0.0397,0.0397,0.0397,0.0397,0.0397
1,0,322,1,1,1,1,7.0,0.024499999999999997,3.7474310104154816e-18,0.0245,0.0245,0.0245,0.0245,0.0245
1,0,323,1,1,1,1,7.0,0.029799999999999997,3.7474310104154816e-18,0.0298,0.0298,0.0298,0.0298,0.0298
1,0,324,1,1,1,1,7.0,0.0458,0.0,0.0458,0.0458,0.0458,0.0458,0.0458
1,0,325,1,1,1,1,7.0,0.0282,0.0,0.0282,0.0282,0.0282,0.0282,0.0282
1,0,326,2,1,1,1,7.0,0.0444,0.0,0.0444,0.0444,0.0444,0.0444,0.0444
1,0,327,1,1,1,1,8.0,0.0566,0.0,0.0566,0.0566,0.0566,0.0566,0.0566
1,0,328,1,1,1,1,8.0,0.0752,0.0,0.0752,0.0752,0.0752,0.0752,0.0752
1,0,329,1,1,1,-1,8.0,0.072,0.0,0.072,0.072,0.072,0.072,0.072
1,0,330,1,1,1,1,8.0,0.0421,0.0,0.0421,0.0421,0.0421,0.0421,0.0421
1,0,331,1,1,1,1,62.0,0.04606774193548387,0.0036723501294531487,0.0411,0.04355,0.0445,0.0469,0.0539
1,0,332,1,1,1,1,8.0,0.0497,0.0,0.0497,0.0497,0.0497,0.0497,0.0497
1,0,333,1,1,1,1,8.0,0.0805,0.0,0.0805,0.0805,0.0805,0.0805,0.0805
1,0,334,1,1,1,1,8.0,0.0669,0.0,0.0669,0.0669,0.0669,0.0669,0.0669
1,0,335,1,1,1,1,8.0,0.062,0.0,0.062,0.062,0.062,0.062,0.062
1,0,336,2,1,1,1,8.0,0.0589,0.0,0.0589,0.0589,0.0589,0.0589,0.0589
1,0,337,2,1,-1,1,7.0,0.0826,0.0,0.0826,0.0826,0.0826,0.0826,0.0826
1,0,337,2,1,1,1,1.0,0.0826,,0.0826,0.0826,0.0826,0.0826,0.0826
1,0,338,1,1,1,1,8.0,0.0963,0.0,0.0963,0.0963,0.0963,0.0963,0.0963
1,0,339,1,1,1,1,7.0,0.04320000000000001,7.494862020830963e-18,0.0432,0.0432,0.0432,0.0432,0.0432
1,0,340,2,1,1,-1,1.0,0.0373,,0.0373,0.0373,0.0373,0.0373,0.0373
1,0,340,2,1,1,1,6.0,0.0373,0.0,0.0373,0.0373,0.0373,0.0373,0.0373
1,0,341,2,1,1,1,14.0,0.0344,0.0024905977039812992,0.032,0.032,0.0344,0.0368,0.0368
1,0,342,2,1,-1,1,6.0,0.0365,0.0,0.0365,0.0365,0.0365,0.0365,0.0365
1,0,342,2,1,1,1,1.0,0.0365,,0.0365,0.0365,0.0365,0.0365,0.0365
1,0,343,1,1,-1,1,6.0,0.0332,0.0,0.0332,0.0332,0.0332,0.0332,0.0332
1,0,343,1,1,1,1,1.0,0.0332,,0.0332,0.0332,0.0332,0.0332,0.0332
1,0,344,1,1,1,1,7.0,0.0443,0.0,0.0443,0.0443,0.0443,0.0443,0.0443
1,0,345,2,-1,1,-1,6.0,0.0239,0.0,0.0239,0.0239,0.0239,0.0239,0.0239
1,0,346,2,-1,1,-1,4.0,0.0214,0.0,0.0214,0.0214,0.0214,0.0214,0.0214
1,0,346,2,-1,1,1,4.0,0.0214,0.0,0.0214,0.0214,0.0214,0.0214,0.0214
1,0,347,2,-1,1,-1,8.0,0.0315,0.0,0.0315,0.0315,0.0315,0.0315,0.0315
1,0,347,2,-1,1,1,1.0,0.0315,,0.0315,0.0315,0.0315,0.0315,0.0315
1,0,350,2,-1,-1,-1,9.0,0.0247,0.0,0.0247,0.0247,0.0247,0.0247,0.0247
1,0,351,2,-1,1,-1,5.0,0.0243,0.0,0.0243,0.0243,0.0243,0.0243,0.0243
1,0,351,2,-1,1,1,3.0,0.0243,0.0,0.0243,0.0243,0.0243,0.0243,0.0243
1,0,352,2,-1,1,-1,4.0,0.026775,0.0002500000000000002,0.0264,0.026775,0.0269,0.0269,0.0269
1,0,352,2,-1,1,1,14.0,0.02661428571428571,0.00025677629550654795,0.0264,0.0264,0.0264,0.0269,0.0269
1,0,354,2,-1,1,-1,2.0,0.0362,0.0,0.0362,0.0362,0.0362,0.0362,0.0362
1,0,354,2,-1,1,1,7.0,0.0362,0.0,0.0362,0.0362,0.0362,0.0362,0.0362
1,0,356,2,-1,1,-1,5.0,0.0416,0.0,0.0416,0.0416,0.0416,0.0416,0.0416
1,0,356,2,-1,1,1,4.0,0.0416,0.0,0.0416,0.0416,0.0416,0.0416,0.0416
1,0,357,2,-1,1,-1,3.0,0.0229,0.0,0.0229,0.0229,0.0229,0.0229,0.0229
1,0,357,2,-1,1,1,12.0,0.029574999999999994,0.004025176450113145,0.0229,0.029575,0.0318,0.0318,0.0318
1,0,358,2,-1,1,-1,9.0,0.0374,0.0,0.0374,0.0374,0.0374,0.0374,0.0374
1,0,359,2,-1,1,-1,9.0,0.0351,0.0,0.0351,0.0351,0.0351,0.0351,0.0351
1,0,360,2,1,-1,-1,5.0,0.0492,0.0,0.0492,0.0492,0.0492,0.0492,0.0492
1,0,361,1,1,1,1,5.0,0.0457,0.0,0.0457,0.0457,0.0457,0.0457,0.0457
1,0,362,1,1,1,1,5.0,0.0626,0.0,0.0626,0.0626,0.0626,0.0626,0.0626
1,0,363,1,1,-1,1,4.0,0.0436,0.0,0.0436,0.0436,0.0436,0.0436,0.0436
1,0,363,1,1,1,1,1.0,0.0436,,0.0436,0.0436,0.0436,0.0436,0.0436
1,0,365,2,1,-1,1,5.0,0.058699999999999995,7.757919228897728e-18,0.0587,0.0587,0.0587,0.0587,0.0587
1,0,370,1,1,1,1,7.0,0.0766,0.0,0.0766,0.0766,0.0766,0.0766,0.0766
1,0,371,1,1,1,1,7.0,0.079,0.0,0.079,0.079,0.079,0.079,0.079
1,0,372,2,1,1,-1,6.0,0.0734,0.0,0.0734,0.0734,0.0734,0.0734,0.0734
1,0,372,2,1,1,1,1.0,0.0734,,0.0734,0.0734,0.0734,0.0734,0.0734
1,0,373,1,1,1,1,7.0,0.06830000000000001,1.4989724041661926e-17,0.0683,0.0683,0.0683,0.0683,0.0683
1,0,374,1,1,1,1,7.0,0.0695,0.0,0.0695,0.0695,0.0695,0.0695,0.0695
1,0,375,1,1,1,1,14.0,0.0658,0.002283047895316192,0.0636,0.0636,0.0658,0.068,0.068
1,0,376,1,1,1,1,46.0,0.050910869565217405,0.005711362097156064,0.0393,0.0491,0.0519,0.0558,0.0561
1,0,377,2,1,1,-1,1.0,0.027,,0.027,0.027,0.027,0.027,0.027
1,0,377,2,1,1,1,44.0,0.02792045454545455,0.001840700011617743,0.0255,0.027,0.027,0.0298,0.0302
1,0,378,2,1,1,1,9.0,0.0334,0.0,0.0334,0.0334,0.0334,0.0334,0.0334
1,0,379,2,1,-1,-1,9.0,0.0317,0.0,0.0317,0.0317,0.0317,0.0317,0.0317
1,0,380,2,1,1,1,9.0,0.0349,0.0,0.0349,0.0349,0.0349,0.0349,0.0349
1,0,381,2,-1,-1,-1,9.0,0.0398,0.0,0.0398,0.0398,0.0398,0.0398,0.0398
1,0,382,1,1,-1,1,1.0,0.0434,,0.0434,0.0434,0.0434,0.0434,0.0434
1,0,382,1,1,1,1,7.0,0.0434,0.0,0.0434,0.0434,0.0434,0.0434,0.0434
1,0,383,2,1,1,1,16.0,0.04265,5.1639777949433705e-05,0.0426,0.0426,0.04265,0.0427,0.0427
1,0,384,1,1,1,1,7.0,0.041999999999999996,7.494862020830963e-18,0.042,0.042,0.042,0.042,0.042
1,0,385,1,1,1,1,7.0,0.052599999999999994,7.494862020830963e-18,0.0526,0.0526,0.0526,0.0526,0.0526
1,0,386,1,1,-1,1,1.0,0.0342,,0.0342,0.0342,0.0342,0.0342,0.0342
1,0,386,1,1,1,1,6.0,0.0342,0.0,0.0342,0.0342,0.0342,0.0342,0.0342
1,0,387,1,1,1,1,7.0,0.045700000000000005,7.494862020830963e-18,0.0457,0.0457,0.0457,0.0457,0.0457
1,0,388,1,1,1,1,7.0,0.0358,0.0,0.0358,0.0358,0.0358,0.0358,0.0358
1,0,389,1,1,1,1,7.0,0.0388,0.0,0.0388,0.0388,0.0388,0.0388,0.0388
1,0,390,1,1,1,1,7.0,0.0403,0.0,0.0403,0.0403,0.0403,0.0403,0.0403
1,0,391,1,1,1,1,10.0,0.0429,0.0,0.0429,0.0429,0.0429,0.0429,0.0429
1,0,392,1,1,1,1,10.0,0.0626,0.0,0.0626,0.0626,0.0626,0.0626,0.0626
1,0,393,1,1,-1,1,1.0,0.0617,,0.0617,0.0617,0.0617,0.0617,0.0617
1,0,393,1,1,1,1,9.0,0.061700000000000005,7.359808400080195e-18,0.0617,0.0617,0.0617,0.0617,0.0617
1,0,394,1,1,1,1,10.0,0.0707,0.0,0.0707,0.0707,0.0707,0.0707,0.0707
1,0,395,2,1,1,-1,1.0,0.063,,0.063,0.063,0.063,0.063,0.063
1,0,395,2,1,1,1,9.0,0.063,0.0,0.063,0.063,0.063,0.063,0.063
1,0,396,1,1,1,1,10.0,0.0349,0.0,0.0349,0.0349,0.0349,0.0349,0.0349
1,0,397,1,1,1,1,10.0,0.028399999999999998,3.657118196434064e-18,0.0284,0.0284,0.0284,0.0284,0.0284
1,0,398,1,1,1,1,10.0,0.0435,0.0,0.0435,0.0435,0.0435,0.0435,0.0435
1,0,399,2,1,1,1,10.0,0.046599999999999996,7.314236392868128e-18,0.0466,0.0466,0.0466,0.0466,0.0466
1,0,400,1,1,1,1,10.0,0.0362,0.0,0.0362,0.0362,0.0362,0.0362,0.0362
1,0,401,1,1,1,1,10.0,0.0352,0.0,0.0352,0.0352,0.0352,0.0352,0.0352
1,0,402,1,1,1,1,6.0,0.049499999999999995,7.601177430610146e-18,0.0495,0.0495,0.0495,0.0495,0.0495
1,0,403,1,1,1,1,6.0,0.0478,0.0,0.0478,0.0478,0.0478,0.0478,0.0478
1,0,404,1,1,1,1,6.0,0.0555,0.0,0.0555,0.0555,0.0555,0.0555,0.0555
1,0,405,1,1,1,1,6.0,0.0478,0.0,0.0478,0.0478,0.0478,0.0478,0.0478
1,0,406,1,1,1,1,6.0,0.0429,0.0,0.0429,0.0429,0.0429,0.0429,0.0429
1,0,407,1,1,1,1,6.0,0.0497,0.0,0.0497,0.0497,0.0497,0.0497,0.0497
1,0,408,1,1,1,1,6.0,0.0861,0.0,0.0861,0.0861,0.0861,0.0861,0.0861
1,0,409,2,1,-1,-1,6.0,0.0499,0.0,0.0499,0.0499,0.0499,0.0499,0.0499
1,0,410,1,1,-1,-1,6.0,0.0491,0.0,0.0491,0.0491,0.0491,0.0491,0.0491
1,0,411,1,1,1,1,6.0,0.04349999999999999,7.601177430610146e-18,0.0435,0.0435,0.0435,0.0435,0.0435
1,0,412,1,1,1,1,9.0,0.0354,0.0,0.0354,0.0354,0.0354,0.0354,0.0354
1,0,413,1,1,1,1,9.0,0.0404,0.0,0.0404,0.0404,0.0404,0.0404,0.0404
1,0,414,1,1,1,1,9.0,0.052,0.0,0.052,0.052,0.052,0.052,0.052
1,0,415,2,1,1,1,9.0,0.0272,0.0,0.0272,0.0272,0.0272,0.0272,0.0272
1,0,416,1,1,-1,-1,9.0,0.0316,0.0,0.0316,0.0316,0.0316,0.0316,0.0316
1,0,417,1,1,1,1,9.0,0.0487,0.0,0.0487,0.0487,0.0487,0.0487,0.0487
1,0,418,1,1,-1,1,9.0,0.029499999999999995,3.6799042000400975e-18,0.0295,0.0295,0.0295,0.0295,0.0295
1,0,419,1,1,1,1,9.0,0.0227,0.0,0.0227,0.0227,0.0227,0.0227,0.0227
1,0,420,1,1,1,1,18.0,0.027200000000000002,0.0008231932086840429,0.0264,0.0264,0.027200000000000002,0.028,0.028
1,0,421,1,1,1,1,6.0,0.0421,0.0,0.0421,0.0421,0.0421,0.0421,0.0421
1,0,422,1,1,-1,1,2.0,0.0343,0.0,0.0343,0.0343,0.0343,0.0343,0.0343
1,0,422,1,1,1,1,4.0,0.0343,0.0,0.0343,0.0343,0.0343,0.0343,0.0343
1,0,423,1,1,1,1,6.0,0.0371,0.0,0.0371,0.0371,0.0371,0.0371,0.0371
1,0,424,1,1,1,1,6.0,0.0383,0.0,0.0383,0.0383,0.0383,0.0383,0.0383
1,0,425,1,1,-1,1,6.0,0.03389999999999999,7.601177430610146e-18,0.0339,0.0339,0.0339,0.0339,0.0339
1,0,426,1,1,1,1,6.0,0.0441,0.0,0.0441,0.0441,0.0441,0.0441,0.0441
1,0,427,1,1,1,1,6.0,0.0352,0.0,0.0352,0.0352,0.0352,0.0352,0.0352
1,0,428,1,1,1,1,12.0,0.057100000000000005,0.002924504620055724,0.0543,0.0543,0.0571,0.0599,0.0599
1,0,429,1,1,1,1,6.0,0.0362,0.0,0.0362,0.0362,0.0362,0.0362,0.0362
1,0,430,1,1,1,1,6.0,0.038200000000000005,7.601177430610146e-18,0.0382,0.0382,0.0382,0.0382,0.0382
1,0,431,1,1,1,1,6.0,0.0336,0.0,0.0336,0.0336,0.0336,0.0336,0.0336
1,0,432,2,1,-1,1,6.0,0.035,0.0,0.035,0.035,0.035,0.035,0.035
1,0,433,1,1,1,-1,6.0,0.0469,0.0,0.0469,0.0469,0.0469,0.0469,0.0469
1,0,434,1,1,1,1,6.0,0.0679,0.0,0.0679,0.0679,0.0679,0.0679,0.0679
1,0,435,1,1,1,1,6.0,0.0438,0.0,0.0438,0.0438,0.0438,0.0438,0.0438
1,0,436,1,1,1,1,18.0,0.0429,0.0034985711369071803,0.0395,0.0395,0.0429,0.0463,0.0463
1,0,437,1,1,-1,1,9.0,0.036,0.0,0.036,0.036,0.036,0.036,0.036
1,0,438,1,1,1,1,9.0,0.0455,0.0,0.0455,0.0455,0.0455,0.0455,0.0455
1,0,439,1,1,1,1,9.0,0.0475,0.0,0.0475,0.0475,0.0475,0.0475,0.0475
1,0,440,1,1,1,1,18.0,0.0597,0.005144957554275262,0.0547,0.0547,0.059699999999999996,0.0647,0.0647
1,0,441,2,1,1,1,9.0,0.0435,0.0,0.0435,0.0435,0.0435,0.0435,0.0435
1,0,442,1,1,1,1,9.0,0.0362,0.0,0.0362,0.0362,0.0362,0.0362,0.0362
1,0,443,1,1,1,1,9.0,0.0349,0.0,0.0349,0.0349,0.0349,0.0349,0.0349
1,0,444,2,1,1,1,9.0,0.0376,0.0,0.0376,0.0376,0.0376,0.0376,0.0376
1,0,445,1,1,1,1,9.0,0.0432,0.0,0.0432,0.0432,0.0432,0.0432,0.0432
1,0,446,1,1,1,1,9.0,0.0524,0.0,0.0524,0.0524,0.0524,0.0524,0.0524
1,0,447,1,1,1,-1,6.0,0.037700000000000004,7.601177430610146e-18,0.0377,0.0377,0.0377,0.0377,0.0377
1,0,448,1,1,1,1,18.0,0.024866666666666662,0.0025209708680679083,0.0219,0.0219,0.0248,0.0279,0.0279
1,0,449,1,1,1,1,6.0,0.028400000000000005,3.800588715305073e-18,0.0284,0.0284,0.0284,0.0284,0.0284
1,0,450,1,1,-1,-1,2.0,0.0212,0.0,0.0212,0.0212,0.0212,0.0212,0.0212
1,0,450,1,1,-1,1,4.0,0.0212,0.0,0.0212,0.0212,0.0212,0.0212,0.0212
1,0,451,1,1,1,1,6.0,0.0351,0.0,0.0351,0.0351,0.0351,0.0351,0.0351
1,0,452,1,1,1,1,6.0,0.0256,0.0,0.0256,0.0256,0.0256,0.0256,0.0256
1,0,453,1,1,1,1,6.0,0.0209,0.0,0.0209,0.0209,0.0209,0.0209,0.0209
1,0,454,1,1,1,1,12.0,0.068,0.005744562646538026,0.0625,0.0625,0.068,0.0735,0.0735
1,0,455,1,1,1,1,6.0,0.0729,0.0,0.0729,0.0729,0.0729,0.0729,0.0729
1,0,456,1,1,1,1,6.0,0.0629,0.0,0.0629,0.0629,0.0629,0.0629,0.0629
1,0,457,1,1,1,1,12.0,0.065,0.0003133397807202578,0.0647,0.0647,0.065,0.0653,0.0653
1,0,458,1,1,1,1,12.0,0.05920000000000001,0.0050134364915241005,0.0544,0.0544,0.0592,0.064,0.064
1,0,459,1,1,1,1,6.0,0.0234,0.0,0.0234,0.0234,0.0234,0.0234,0.0234
1,0,460,1,1,1,1,6.0,0.0355,0.0,0.0355,0.0355,0.0355,0.0355,0.0355
1,0,461,1,1,1,1,6.0,0.029600000000000005,3.800588715305073e-18,0.0296,0.0296,0.0296,0.0296,0.0296
1,0,462,2,1,1,1,6.0,0.0333,0.0,0.0333,0.0333,0.0333,0.0333,0.0333
1,0,463,2,1,1,1,6.0,0.07030000000000002,1.5202354861220293e-17,0.0703,0.0703,0.0703,0.0703,0.0703
1,0,464,1,1,-1,1,5.0,0.046,0.0,0.046,0.046,0.046,0.046,0.046
1,0,464,1,1,1,1,1.0,0.046,,0.046,0.046,0.046,0.046,0.046
1,0,465,1,1,1,1,13.0,0.054869230769230753,0.0024387102518150243,0.0527,0.0527,0.0527,0.0574,0.0574
1,0,466,1,1,1,1,9.0,0.061399999999999996,7.359808400080195e-18,0.0614,0.0614,0.0614,0.0614,0.0614
1,0,467,1,1,1,1,27.0,0.04096666666666667,0.002460300169303928,0.0384,0.0384,0.0403,0.0442,0.0442
1,0,468,1,1,1,1,9.0,0.0407,0.0,0.0407,0.0407,0.0407,0.0407,0.0407
1,0,469,1,1,1,1,9.0,0.0411,0.0,0.0411,0.0411,0.0411,0.0411,0.0411
1,0,470,1,1,1,1,9.0,0.0625,0.0,0.0625,0.0625,0.0625,0.0625,0.0625
1,0,471,1,1,1,1,9.0,0.038,0.0,0.038,0.038,0.038,0.038,0.038
1,0,472,1,1,1,1,9.0,0.0465,0.0,0.0465,0.0465,0.0465,0.0465,0.0465
1,0,473,1,1,1,1,9.0,0.0737,0.0,0.0737,0.0737,0.0737,0.0737,0.0737
1,0,474,1,1,1,1,9.0,0.06129999999999999,7.359808400080195e-18,0.0613,0.0613,0.0613,0.0613,0.0613
1,0,475,1,1,1,1,9.0,0.0553,0.0,0.0553,0.0553,0.0553,0.0553,0.0553
1,0,476,1,1,1,1,9.0,0.0757,0.0,0.0757,0.0757,0.0757,0.0757,0.0757
1,0,477,1,1,1,1,18.0,0.057100000000000005,0.0014405881151970763,0.0557,0.0557,0.0571,0.0585,0.0585
1,0,478,1,1,1,1,9.0,0.0477,0.0,0.0477,0.0477,0.0477,0.0477,0.0477
1,0,479,2,1,1,1,9.0,0.0868,0.0,0.0868,0.0868,0.0868,0.0868,0.0868
1,0,480,1,1,1,1,9.0,0.0543,0.0,0.0543,0.0543,0.0543,0.0543,0.0543
1,0,481,1,1,1,1,6.0,0.0473,0.0,0.0473,0.0473,0.0473,0.0473,0.0473
1,0,482,1,1,-1,-1,6.0,0.0467,0.0,0.0467,0.0467,0.0467,0.0467,0.0467
1,0,483,1,1,1,1,10.0,0.0638,0.0,0.0638,0.0638,0.0638,0.0638,0.0638
1,0,484,1,1,1,1,10.0,0.0618,0.0,0.0618,0.0618,0.0618,0.0618,0.0618
1,0,485,1,1,1,1,10.0,0.0814,0.0,0.0814,0.0814,0.0814,0.0814,0.0814
1,0,486,1,1,1,1,10.0,0.0819,0.0,0.0819,0.0819,0.0819,0.0819,0.0819
1,0,487,1,1,1,1,10.0,0.0578,0.0,0.0578,0.0578,0.0578,0.0578,0.0578
1,0,488,1,1,1,1,6.0,0.0419,0.0,0.0419,0.0419,0.0419,0.0419,0.0419
1,0,489,1,1,-1,1,6.0,0.0622,0.0,0.0622,0.0622,0.0622,0.0622,0.0622
1,0,490,1,1,1,1,13.0,0.05944615384615384,0.002075498086651085,0.0576,0.0576,0.0576,0.0616,0.0616
1,0,491,1,1,1,1,30.0,0.036660000000000005,0.0020790581421934046,0.0339,0.0357,0.0361,0.0376,0.04
1,0,492,1,1,1,1,12.0,0.033549999999999996,0.0007833494518006373,0.0328,0.0328,0.033549999999999996,0.0343,0.0343
1,0,493,1,1,1,1,8.0,0.0236,0.0,0.0236,0.0236,0.0236,0.0236,0.0236
1,0,494,1,1,1,1,8.0,0.0477,0.0,0.0477,0.0477,0.0477,0.0477,0.0477
1,0,495,2,1,-1,-1,8.0,0.0283,0.0,0.0283,0.0283,0.0283,0.0283,0.0283
1,0,496,1,1,1,1,8.0,0.0406,0.0,0.0406,0.0406,0.0406,0.0406,0.0406
1,0,497,1,1,1,1,8.0,0.0361,0.0,0.0361,0.0361,0.0361,0.0361,0.0361
1,0,498,1,1,1,-1,8.0,0.0806,0.002592296279363141,0.0792,0.0792,0.0792,0.0806,0.0848
1,0,498,1,1,1,1,8.0,0.0834,0.002592296279363141,0.0792,0.0834,0.0848,0.0848,0.0848
1,0,499,1,1,1,1,8.0,0.0394,0.0,0.0394,0.0394,0.0394,0.0394,0.0394
1,0,500,1,1,1,1,8.0,0.0521,0.0,0.0521,0.0521,0.0521,0.0521,0.0521
1,0,501,1,1,1,1,8.0,0.0474,0.0,0.0474,0.0474,0.0474,0.0474,0.0474
1,0,502,1,1,1,-1,1.0,0.1003,,0.1003,0.1003,0.1003,0.1003,0.1003
1,0,502,1,1,1,1,7.0,0.10030000000000003,2.997944808332385e-17,0.1003,0.1003,0.1003,0.1003,0.1003
1,0,503,2,1,1,1,8.0,0.0759,0.0,0.0759,0.0759,0.0759,0.0759,0.0759
1,0,504,1,1,1,-1,8.0,0.0621,0.0,0.0621,0.0621,0.0621,0.0621,0.0621
1,0,505,1,1,1,1,8.0,0.0835,0.0,0.0835,0.0835,0.0835,0.0835,0.0835
1,0,506,1,1,1,1,7.0,0.07179999999999999,1.4989724041661926e-17,0.0718,0.0718,0.0718,0.0718,0.0718
1,0,507,1,1,1,1,7.0,0.06230000000000001,7.494862020830963e-18,0.0623,0.0623,0.0623,0.0623,0.0623
1,0,508,1,1,1,1,13.0,0.06500769230769231,0.000778311782494157,0.0642,0.0642,0.0657,0.0657,0.0657
1,0,509,1,1,1,1,6.0,0.0491,0.0,0.0491,0.0491,0.0491,0.0491,0.0491
1,0,510,1,1,1,1,7.0,0.0424,0.0,0.0424,0.0424,0.0424,0.0424,0.0424
1,0,511,2,1,1,1,7.0,0.0479,0.0,0.0479,0.0479,0.0479,0.0479,0.0479
1,0,512,1,1,1,1,7.0,0.04170000000000001,7.494862020830963e-18,0.0417,0.0417,0.0417,0.0417,0.0417
1,0,513,2,1,-1,1,7.0,0.05559999999999999,7.494862020830963e-18,0.0556,0.0556,0.0556,0.0556,0.0556
1,0,514,1,1,-1,1,2.0,0.0536,0.0,0.0536,0.0536,0.0536,0.0536,0.0536
1,0,514,1,1,1,1,5.0,0.0536,0.0,0.0536,0.0536,0.0536,0.0536,0.0536
1,0,515,1,1,1,1,14.0,0.05705,0.0008820866868267103,0.0562,0.0562,0.057050000000000003,0.0579,0.0579
1,0,516,1,1,1,1,7.0,0.0652,0.0,0.0652,0.0652,0.0652,0.0652,0.0652
1,0,517,1,1,1,1,7.0,0.05280000000000001,7.494862020830963e-18,0.0528,0.0528,0.0528,0.0528,0.0528
1,0,518,1,1,1,1,7.0,0.054099999999999995,7.494862020830963e-18,0.0541,0.0541,0.0541,0.0541,0.0541
1,0,519,1,1,1,1,7.0,0.0589,0.0,0.0589,0.0589,0.0589,0.0589,0.0589
1,0,520,1,1,1,-1,3.0,0.0457,0.0,0.0457,0.0457,0.0457,0.0457,0.0457
1,0,520,1,1,1,1,4.0,0.0457,0.0,0.0457,0.0457,0.0457,0.0457,0.0457
1,0,521,1,1,1,1,7.0,0.059300000000000005,7.494862020830963e-18,0.0593,0.0593,0.0593,0.0593,0.0593
1,0,522,1,1,1,-1,7.0,0.05709999999999999,7.494862020830963e-18,0.0571,0.0571,0.0571,0.0571,0.0571
1,0,523,2,1,1,1,7.0,0.05020000000000001,7.494862020830963e-18,0.0502,0.0502,0.0502,0.0502,0.0502
1,0,524,1,1,1,1,7.0,0.05170000000000001,7.494862020830963e-18,0.0517,0.0517,0.0517,0.0517,0.0517
1,0,525,1,1,1,1,7.0,0.04870000000000001,7.494862020830963e-18,0.0487,0.0487,0.0487,0.0487,0.0487
1,0,527,1,1,1,1,7.0,0.052099999999999994,7.494862020830963e-18,0.0521,0.0521,0.0521,0.0521,0.0521
1,0,528,1,1,1,1,7.0,0.066,0.0,0.066,0.066,0.066,0.066,0.066
1,0,529,1,1,1,1,7.0,0.057200000000000015,1.4989724041661926e-17,0.0572,0.0572,0.0572,0.0572,0.0572
1,0,530,1,1,1,1,6.0,0.0479,0.0,0.0479,0.0479,0.0479,0.0479,0.0479
1,0,531,1,1,1,1,6.0,0.0457,0.0,0.0457,0.0457,0.0457,0.0457,0.0457
1,0,532,1,1,1,1,12.0,0.0574,0.0009400193421607664,0.0565,0.0565,0.0574,0.0583,0.0583
1,0,533,1,1,1,1,6.0,0.0585,0.0,0.0585,0.0585,0.0585,0.0585,0.0585
1,0,534,1,1,1,1,6.0,0.0496,0.0,0.0496,0.0496,0.0496,0.0496,0.0496
1,0,535,1,1,1,1,6.0,0.0536,0.0,0.0536,0.0536,0.0536,0.0536,0.0536
1,0,536,2,1,-1,1,6.0,0.037899999999999996,7.601177430610146e-18,0.0379,0.0379,0.0379,0.0379,0.0379
1,0,537,1,1,-1,1,6.0,0.0385,0.0,0.0385,0.0385,0.0385,0.0385,0.0385
1,0,538,1,1,1,1,6.0,0.0378,0.0,0.0378,0.0378,0.0378,0.0378,0.0378
1,0,539,1,1,1,1,21.0,0.03905238095238096,0.002866987800395923,0.0358,0.0358,0.0399,0.0399,0.0429
1,0,540,1,1,1,1,16.0,0.035699999999999996,0.0028918275651682052,0.0329,0.0329,0.035699999999999996,0.0385,0.0385
1,0,541,1,1,1,1,8.0,0.0282,0.0,0.0282,0.0282,0.0282,0.0282,0.0282
1,0,542,1,1,1,1,8.0,0.039,0.0,0.039,0.039,0.039,0.039,0.039
1,0,543,1,1,-1,1,8.0,0.1004,0.0,0.1004,0.1004,0.1004,0.1004,0.1004
1,0,544,1,1,-1,1,8.0,0.0641,0.0,0.0641,0.0641,0.0641,0.0641,0.0641
1,0,545,1,1,1,1,8.0,0.0303,0.0,0.0303,0.0303,0.0303,0.0303,0.0303
1,0,546,1,1,1,1,9.0,0.0625,0.0,0.0625,0.0625,0.0625,0.0625,0.0625
1,0,547,1,1,-1,1,1.0,0.0574,,0.0574,0.0574,0.0574,0.0574,0.0574
1,0,547,1,1,1,1,8.0,0.0574,0.0,0.0574,0.0574,0.0574,0.0574,0.0574
1,0,548,1,1,1,1,9.0,0.0636,0.0,0.0636,0.0636,0.0636,0.0636,0.0636
1,0,549,1,1,1,1,8.0,0.0498,0.0,0.0498,0.0498,0.0498,0.0498,0.0498
1,0,550,1,1,1,1,9.0,0.0445,0.0,0.0445,0.0445,0.0445,0.0445,0.0445
1,0,551,2,1,-1,1,3.0,0.0502,0.0,0.0502,0.0502,0.0502,0.0502,0.0502
1,0,551,2,1,1,1,6.0,0.0502,0.0,0.0502,0.0502,0.0502,0.0502,0.0502
1,0,552,2,1,1,-1,8.0,0.0618,0.0,0.0618,0.0618,0.0618,0.0618,0.0618
1,0,552,2,1,1,1,1.0,0.0618,,0.0618,0.0618,0.0618,0.0618,0.0618
1,0,553,2,1,-1,1,9.0,0.0814,0.0,0.0814,0.0814,0.0814,0.0814,0.0814
1,0,554,2,1,-1,1,9.0,0.056799999999999996,7.359808400080195e-18,0.0568,0.0568,0.0568,0.0568,0.0568
1,0,555,1,1,1,1,9.0,0.052,0.0,0.052,0.052,0.052,0.052,0.052
1,0,574,1,1,1,1,7.0,0.0365,0.0,0.0365,0.0365,0.0365,0.0365,0.0365
1,0,576,1,1,1,1,7.0,0.04299999999999999,7.494862020830963e-18,0.043,0.043,0.043,0.043,0.043
1,0,579,2,1,1,-1,3.0,0.0531,0.0,0.0531,0.0531,0.0531,0.0531,0.0531
1,0,579,2,1,1,1,3.0,0.0531,0.0,0.0531,0.0531,0.0531,0.0531,0.0531
1,0,580,1,1,-1,-1,6.0,0.0826,0.0,0.0826,0.0826,0.0826,0.0826,0.0826
1,0,581,1,1,1,1,6.0,0.0515,0.0,0.0515,0.0515,0.0515,0.0515,0.0515
1,0,582,1,1,1,1,6.0,0.0509,0.0,0.0509,0.0509,0.0509,0.0509,0.0509
1,0,583,1,1,1,1,6.0,0.05759999999999999,7.601177430610146e-18,0.0576,0.0576,0.0576,0.0576,0.0576
1,0,584,1,1,1,1,6.0,0.05680000000000001,7.601177430610146e-18,0.0568,0.0568,0.0568,0.0568,0.0568
1,0,585,1,1,1,1,6.0,0.0525,0.0,0.0525,0.0525,0.0525,0.0525,0.0525
1,0,586,1,1,1,1,7.0,0.025600000000000005,3.7474310104154816e-18,0.0256,0.0256,0.0256,0.0256,0.0256
1,0,587,1,1,-1,-1,7.0,0.024600000000000004,3.7474310104154816e-18,0.0246,0.0246,0.0246,0.0246,0.0246
1,0,588,2,1,1,1,49.0,0.042385714285714284,0.0035383023236198077,0.0393,0.0397,0.041,0.0437,0.0501
1,0,589,1,1,-1,1,1.0,0.0661,,0.0661,0.0661,0.0661,0.0661,0.0661
1,0,589,1,1,1,1,6.0,0.0661,0.0,0.0661,0.0661,0.0661,0.0661,0.0661
1,0,590,2,1,1,-1,2.0,0.0511,0.0,0.0511,0.0511,0.0511,0.0511,0.0511
1,0,590,2,1,1,1,5.0,0.0511,0.0,0.0511,0.0511,0.0511,0.0511,0.0511
1,0,591,1,1,1,1,7.0,0.0404,0.0,0.0404,0.0404,0.0404,0.0404,0.0404
1,0,592,2,1,1,1,14.0,0.04664999999999999,0.00015566235649883212,0.0465,0.0465,0.04665,0.0468,0.0468
1,0,593,2,1,-1,-1,7.0,0.0428,0.0,0.0428,0.0428,0.0428,0.0428,0.0428
1,0,594,1,1,1,1,6.0,0.06630000000000001,1.5202354861220293e-17,0.0663,0.0663,0.0663,0.0663,0.0663
1,0,595,1,1,1,1,6.0,0.07079999999999999,1.5202354861220293e-17,0.0708,0.0708,0.0708,0.0708,0.0708
1,0,596,2,1,-1,1,6.0,0.0514,0.0,0.0514,0.0514,0.0514,0.0514,0.0514
1,0,597,1,1,-1,-1,6.0,0.05820000000000001,7.601177430610146e-18,0.0582,0.0582,0.0582,0.0582,0.0582
1,0,598,1,1,1,1,41.0,0.052875609756097584,0.0053134631121239985,0.0447,0.0468,0.0522,0.0574,0.0594
1,0,599,1,1,1,1,6.0,0.062099999999999995,7.601177430610146e-18,0.0621,0.0621,0.0621,0.0621,0.0621
1,0,600,2,1,1,1,6.0,0.0551,0.0,0.0551,0.0551,0.0551,0.0551,0.0551
1,0,601,1,1,1,1,70.0,0.08603571428571428,0.005767551303033748,0.074,0.0844,0.08610000000000001,0.0905,0.0957
1,0,602,1,1,1,1,65.0,0.04959692307692309,0.004681077908411202,0.0427,0.045,0.049,0.0538,0.0579
1,0,603,1,1,1,1,33.0,0.061551515151515156,0.0024381244343912698,0.0591,0.0601,0.0609,0.0624,0.0662
1,0,604,2,1,-1,-1,5.0,0.0888,0.0,0.0888,0.0888,0.0888,0.0888,0.0888
1,0,605,1,1,1,1,5.0,0.0902,0.0,0.0902,0.0902,0.0902,0.0902,0.0902
1,0,606,1,1,1,1,5.0,0.0841,0.0,0.0841,0.0841,0.0841,0.0841,0.0841
1,0,607,1,1,-1,1,2.0,0.0759,0.0,0.0759,0.0759,0.0759,0.0759,0.0759
1,0,607,1,1,1,1,3.0,0.0759,0.0,0.0759,0.0759,0.0759,0.0759,0.0759
1,0,608,2,-1,1,-1,1.0,0.0757,,0.0757,0.0757,0.0757,0.0757,0.0757
1,0,608,2,1,1,-1,4.0,0.0757,0.0,0.0757,0.0757,0.0757,0.0757,0.0757
1,0,609,1,1,1,-1,5.0,0.0703,0.0,0.0703,0.0703,0.0703,0.0703,0.0703
1,0,610,1,1,1,1,6.0,0.0457,0.0,0.0457,0.0457,0.0457,0.0457,0.0457
1,0,611,1,1,1,1,6.0,0.0544,0.0,0.0544,0.0544,0.0544,0.0544,0.0544
1,0,611,2,1,1,1,6.0,0.049800000000000004,7.601177430610146e-18,0.0498,0.0498,0.0498,0.0498,0.0498
1,0,612,1,1,1,1,6.0,0.0589,0.0,0.0589,0.0589,0.0589,0.0589,0.0589
1,0,613,1,1,1,1,12.0,0.05709999999999999,0.000522232967867094,0.0566,0.0566,0.0571,0.0576,0.0576
1,0,614,1,1,1,1,12.0,0.06105,0.0004700096710803832,0.0606,0.0606,0.06105,0.0615,0.0615
1,0,615,1,1,1,1,6.0,0.039,0.0,0.039,0.039,0.039,0.039,0.039
1,0,616,1,1,1,-1,6.0,0.050300000000000004,7.601177430610146e-18,0.0503,0.0503,0.0503,0.0503,0.0503
1,0,617,1,1,1,1,6.0,0.0521,0.0,0.0521,0.0521,0.0521,0.0521,0.0521
1,0,618,1,1,1,-1,6.0,0.06320000000000002,1.5202354861220293e-17,0.0632,0.0632,0.0632,0.0632,0.0632
1,0,619,1,1,1,1,6.0,0.0714,0.0,0.0714,0.0714,0.0714,0.0714,0.0714
1,0,620,1,1,1,1,24.0,0.06735000000000001,0.00486183003655494,0.0616,0.06415,0.06665,0.06985,0.0745
1,0,621,1,1,1,1,6.0,0.061099999999999995,7.601177430610146e-18,0.0611,0.0611,0.0611,0.0611,0.0611
1,0,622,1,1,1,1,8.0,0.0368,0.0023518989288293353,0.0346,0.0346,0.0368,0.039,0.039
1,0,623,1,1,1,1,8.0,0.04365,0.0015501152030920613,0.0422,0.0422,0.04365,0.0451,0.0451
1,0,624,1,1,1,1,22.0,0.035527272727272734,0.003424030181523329,0.0299,0.0348,0.0351,0.0378,0.0404
1,0,625,1,1,1,1,10.0,0.0425,0.0015491933384829645,0.0413,0.0413,0.0413,0.0443,0.0443
1,0,626,1,1,1,1,6.0,0.04399999999999999,7.601177430610146e-18,0.044,0.044,0.044,0.044,0.044
1,0,627,1,1,1,1,6.0,0.048999999999999995,7.601177430610146e-18,0.049,0.049,0.049,0.049,0.049
1,0,627,2,1,1,1,6.0,0.0483,0.0,0.0483,0.0483,0.0483,0.0483,0.0483
1,0,628,1,1,1,1,12.0,0.04650000000000001,0.00041778637429367224,0.0461,0.0461,0.0465,0.0469,0.0469
1,0,629,1,1,1,1,6.0,0.0454,0.0,0.0454,0.0454,0.0454,0.0454,0.0454
1,0,630,1,1,1,1,6.0,0.0431,0.0,0.0431,0.0431,0.0431,0.0431,0.0431
1,0,631,1,1,1,1,6.0,0.0509,0.0,0.0509,0.0509,0.0509,0.0509,0.0509
1,0,632,1,1,1,1,18.0,0.049166666666666664,0.0012009799919967309,0.0476,0.0476,0.0495,0.0504,0.0504
1,0,633,1,1,1,1,5.0,0.0482,0.0,0.0482,0.0482,0.0482,0.0482,0.0482
1,0,634,1,1,1,1,5.0,0.0363,0.0,0.0363,0.0363,0.0363,0.0363,0.0363
1,0,635,2,1,1,1,5.0,0.0388,0.0,0.0388,0.0388,0.0388,0.0388,0.0388
1,0,636,1,1,1,1,5.0,0.05589999999999999,7.757919228897728e-18,0.0559,0.0559,0.0559,0.0559,0.0559
1,0,637,1,1,1,1,5.0,0.05620000000000001,7.757919228897728e-18,0.0562,0.0562,0.0562,0.0562,0.0562
1,0,638,1,1,1,1,5.0,0.0556,0.0,0.0556,0.0556,0.0556,0.0556,0.0556
1,0,639,1,1,1,1,5.0,0.042,0.0,0.042,0.042,0.042,0.042,0.042
1,0,640,1,1,1,1,20.0,0.0374,0.0028690728375850667,0.0331,0.0354,0.0387,0.0388,0.041
1,0,641,1,1,1,1,30.0,0.05713333333333333,0.0026422734898950725,0.0553,0.0553,0.05635,0.0567,0.0628
1,0,642,1,1,-1,-1,5.0,0.0583,0.0,0.0583,0.0583,0.0583,0.0583,0.0583
1,0,643,1,1,1,-1,1.0,0.0511,,0.0511,0.0511,0.0511,0.0511,0.0511
1,0,643,1,1,1,1,7.0,0.05652857142857142,0.005077963596336064,0.0511,0.0511,0.0606,0.0606,0.0606
1,0,644,1,1,1,1,32.0,0.05295,0.003936266447839512,0.0476,0.050625,0.05315,0.054,0.0612
1,0,645,1,1,1,1,10.0,0.06065,0.0006851601597031502,0.06,0.06,0.060649999999999996,0.0613,0.0613
1,0,646,1,1,1,1,15.0,0.061233333333333334,0.004993090463926361,0.0547,0.0547,0.0628,0.0662,0.0662
1,0,647,1,1,-1,-1,5.0,0.0465,0.0,0.0465,0.0465,0.0465,0.0465,0.0465
1,0,648,1,1,1,1,5.0,0.0316,0.0,0.0316,0.0316,0.0316,0.0316,0.0316
1,0,649,1,1,1,1,5.0,0.0388,0.0,0.0388,0.0388,0.0388,0.0388,0.0388
1,0,650,1,1,1,1,5.0,0.060399999999999995,7.757919228897728e-18,0.0604,0.0604,0.0604,0.0604,0.0604
1,1,-1,0,-1,-1,-1,3.0,0.0273,0.0,0.0273,0.0273,0.0273,0.0273,0.0273
2,0,-1,1,1,-1,-1,1.0,0.0465,,0.0465,0.0465,0.0465,0.0465,0.0465
2,0,134,1,1,-1,-1,5.0,0.0465,0.0,0.0465,0.0465,0.0465,0.0465,0.0465
2,0,282,1,1,-1,-1,7.0,0.0448,0.0,0.0448,0.0448,0.0448,0.0448,0.0448
2,2,-1,1,-1,1,-1,16.0,0.054599999999999996,0.010518681793203302,0.034,0.052774999999999996,0.0561,0.0639,0.0639
2,2,-1,1,-1,1,1,44.0,0.0520909090909091,0.00824598050586898,0.034,0.0454,0.0554,0.0596,0.0607
2,2,-1,2,-1,1,-1,6.0,0.0497,0.0,0.0497,0.0497,0.0497,0.0497,0.0497
2,2,75,1,-1,1,-1,7.0,0.04920000000000001,7.494862020830963e-18,0.0492,0.0492,0.0492,0.0492,0.0492
2,2,76,1,-1,1,1,7.0,0.048499999999999995,7.494862020830963e-18,0.0485,0.0485,0.0485,0.0485,0.0485
2,2,77,1,-1,1,-1,2.0,0.0455,0.0,0.0455,0.0455,0.0455,0.0455,0.0455
2,2,77,1,-1,1,1,12.0,0.046491666666666674,0.0008753787059255433,0.0455,0.0455,0.0472,0.0472,0.0472
2,2,78,1,-1,1,1,7.0,0.052099999999999994,7.494862020830963e-18,0.0521,0.0521,0.0521,0.0521,0.0521
2,2,79,1,-1,1,1,7.0,0.05430000000000001,7.494862020830963e-18,0.0543,0.0543,0.0543,0.0543,0.0543
2,2,80,1,-1,1,-1,4.0,0.046,0.0,0.046,0.046,0.046,0.046,0.046
2,2,80,1,-1,1,1,3.0,0.046000000000000006,8.498374721940739e-18,0.046,0.046,0.046,0.046,0.046
2,2,81,1,-1,1,-1,5.0,0.0471,0.0,0.0471,0.0471,0.0471,0.0471,0.0471
2,2,81,1,-1,1,1,1.0,0.0471,,0.0471,0.0471,0.0471,0.0471,0.0471
2,2,82,1,-1,1,-1,6.0,0.0479,0.0,0.0479,0.0479,0.0479,0.0479,0.0479
2,2,205,2,-1,1,1,5.0,0.044,0.0,0.044,0.044,0.044,0.044,0.044
2,2,206,1,-1,1,-1,5.0,0.04496,0.00889651617207545,0.0364,0.0396,0.0396,0.0546,0.0546
2,2,206,1,-1,1,1,65.0,0.043056923076923076,0.005776622316251547,0.0337,0.0386,0.0441,0.0473,0.0546
2,2,207,1,-1,1,-1,2.0,0.0553,0.0,0.0553,0.0553,0.0553,0.0553,0.0553
2,2,207,1,-1,1,1,8.0,0.047924999999999995,0.006107080200179838,0.0435,0.0435,0.0435,0.0553,0.0553
2,2,209,2,-1,-1,-1,5.0,0.0375,0.0,0.0375,0.0375,0.0375,0.0375,0.0375
2,2,210,1,-1,1,-1,5.0,0.0458,0.0,0.0458,0.0458,0.0458,0.0458,0.0458
2,2,212,2,-1,-1,-1,5.0,0.0329,0.0,0.0329,0.0329,0.0329,0.0329,0.0329
2,2,214,1,-1,-1,-1,5.0,0.0458,0.0,0.0458,0.0458,0.0458,0.0458,0.0458
2,2,215,1,-1,1,1,5.0,0.0384,0.0,0.0384,0.0384,0.0384,0.0384,0.0384
2,2,364,1,-1,1,1,80.0,0.05102625000000001,0.014014330312716483,0.0302,0.0375,0.0464,0.0666,0.0704
2,2,366,1,-1,-1,-1,5.0,0.0669,0.0,0.0669,0.0669,0.0669,0.0669,0.0669
2,2,367,1,-1,-1,-1,1.0,0.0668,,0.0668,0.0668,0.0668,0.0668,0.0668
2,2,367,1,-1,-1,1,4.0,0.0668,0.0,0.0668,0.0668,0.0668,0.0668,0.0668
2,2,368,1,-1,1,1,5.0,0.068,0.0,0.068,0.068,0.068,0.068,0.068
2,2,369,1,-1,1,1,5.0,0.0736,0.0,0.0736,0.0736,0.0736,0.0736,0.0736
2,2,566,1,-1,1,1,7.0,0.067,0.0,0.067,0.067,0.067,0.067,0.067
2,2,567,1,-1,1,1,14.0,0.06170000000000002,0.0014528486606557602,0.0603,0.0603,0.061700000000000005,0.0631,0.0631
2,2,568,1,-1,1,1,7.0,0.057,0.0,0.057,0.057,0.057,0.057,0.057
2,2,569,1,-1,1,1,7.0,0.04,0.0,0.04,0.04,0.04,0.04,0.04
2,2,570,1,-1,1,-1,7.0,0.0285,0.0,0.0285,0.0285,0.0285,0.0285,0.0285
2,2,571,1,-1,1,-1,3.0,0.0382,0.0,0.0382,0.0382,0.0382,0.0382,0.0382
2,2,571,1,-1,1,1,4.0,0.0382,0.0,0.0382,0.0382,0.0382,0.0382,0.0382
2,2,572,1,-1,1,-1,4.0,0.0381,0.0,0.0381,0.0381,0.0381,0.0381,0.0381
2,2,572,1,-1,1,1,3.0,0.0381,0.0,0.0381,0.0381,0.0381,0.0381,0.0381
2,2,573,2,-1,-1,-1,7.0,0.040600000000000004,7.494862020830963e-18,0.0406,0.0406,0.0406,0.0406,0.0406
2,2,575,1,-1,1,-1,1.0,0.0729,,0.0729,0.0729,0.0729,0.0729,0.0729
2,2,575,1,-1,1,1,6.0,0.0729,0.0,0.0729,0.0729,0.0729,0.0729,0.0729
2,2,577,1,-1,1,-1,6.0,0.0998,0.0,0.0998,0.0998,0.0998,0.0998,0.0998
2,2,578,1,-1,1,-1,6.0,0.0974,0.0,0.0974,0.0974,0.0974,0.0974,0.0974
