IsolationForest,LOF,OneClassSVM,sample_time_continuous_caster,count
-1,-1,-1,14:16:33,9
-1,-1,-1,14:47:38,9
-1,-1,-1,0:19:54,8
-1,-1,-1,7:29:10,8
-1,-1,-1,13:30:14,8
-1,-1,-1,14:48:28,7
-1,-1,-1,12:01:37,6
-1,-1,-1,2:39:26,6
-1,-1,-1,10:49:57,6
-1,-1,-1,17:46:00,5
-1,-1,-1,19:14:04,5
-1,-1,-1,3:21:45,5
-1,-1,-1,20:28:04,5
-1,-1,-1,13:03:20,4
-1,-1,-1,6:39:21,4
-1,-1,-1,17:58:34,4
-1,-1,-1,13:31:11,3
-1,-1,-1,11:01:22,3
-1,-1,-1,1:16:59,3
-1,-1,-1,7:50:24,2
-1,-1,-1,6:53:49,2
-1,-1,-1,5:57:44,2
-1,-1,-1,3:18:25,2
-1,-1,-1,6:25:01,1
-1,-1,-1,21:15:58,1
-1,-1,1,3:18:25,11
-1,-1,1,21:36:38,7
-1,-1,1,18:18:26,4
-1,-1,1,21:15:58,4
-1,-1,1,1:16:59,3
-1,-1,1,4:06:14,1
-1,-1,1,21:18:38,1
-1,-1,1,13:03:20,1
-1,1,-1,9:40:05,12
-1,1,-1,8:53:13,12
-1,1,-1,6:17:16,12
-1,1,-1,19:48:46,9
-1,1,-1,19:01:33,9
-1,1,-1,6:25:49,8
-1,1,-1,19:24:43,7
-1,1,-1,11:36:02,7
-1,1,-1,12:41:59,7
-1,1,-1,8:51:22,6
-1,1,-1,6:17:51,6
-1,1,-1,4:26:27,6
-1,1,-1,5:19:04,6
-1,1,-1,3:30:45,6
-1,1,-1,17:46:16,6
-1,1,-1,8:26:16,6
-1,1,-1,3:07:56,6
-1,1,-1,1:35:11,6
-1,1,-1,8:56:38,6
-1,1,-1,6:46:47,6
-1,1,-1,11:34:11,6
-1,1,-1,22:12:34,6
-1,1,-1,23:49:35,6
-1,1,-1,23:35:21,6
-1,1,-1,9:38:38,5
-1,1,-1,18:29:26,5
-1,1,-1,11:12:59,5
-1,1,-1,14:59:32,5
-1,1,-1,18:03:51,5
-1,1,-1,23:44:09,5
-1,1,-1,22:32:57,4
-1,1,-1,15:58:19,4
-1,1,-1,14:01:13,4
-1,1,-1,18:59:02,3
-1,1,-1,10:12:04,3
-1,1,-1,9:04:01,3
-1,1,-1,13:18:33,3
-1,1,-1,21:45:05,2
-1,1,-1,7:31:29,2
-1,1,-1,5:57:10,2
-1,1,-1,5:47:24,2
-1,1,-1,8:13:46,2
-1,1,-1,9:04:52,2
-1,1,-1,10:10:08,2
-1,1,-1,3:00:14,2
-1,1,-1,17:04:54,2
-1,1,-1,15:34:46,1
-1,1,-1,10:32:47,1
-1,1,-1,15:38:48,1
-1,1,-1,6:39:21,1
-1,1,-1,8:11:13,1
-1,1,-1,6:29:16,1
-1,1,-1,19:25:52,1
-1,1,1,3:09:17,13
-1,1,1,17:23:38,12
-1,1,1,4:35:49,9
-1,1,1,7:03:31,9
-1,1,1,2:20:43,8
-1,1,1,8:11:13,8
-1,1,1,20:27:00,7
-1,1,1,23:19:29,7
-1,1,1,23:59:13,7
-1,1,1,21:04:36,7
-1,1,1,6:46:47,7
-1,1,1,17:04:54,7
-1,1,1,1:02:32,7
-1,1,1,1:52:30,7
-1,1,1,2:35:10,7
-1,1,1,7:06:46,7
-1,1,1,7:51:52,7
-1,1,1,8:25:46,7
-1,1,1,9:02:21,7
-1,1,1,9:48:41,7
-1,1,1,11:09:46,7
-1,1,1,11:53:25,7
-1,1,1,10:30:12,7
-1,1,1,3:25:54,7
-1,1,1,6:25:34,7
-1,1,1,5:41:05,7
-1,1,1,5:04:57,7
-1,1,1,6:38:32,6
-1,1,1,5:26:39,6
-1,1,1,3:52:32,6
-1,1,1,2:25:42,6
-1,1,1,0:50:56,6
-1,1,1,2:19:08,6
-1,1,1,22:31:26,6
-1,1,1,9:04:01,6
-1,1,1,23:00:23,6
-1,1,1,6:29:16,6
-1,1,1,21:45:05,5
-1,1,1,7:17:55,5
-1,1,1,6:41:09,5
-1,1,1,5:01:52,5
-1,1,1,16:22:34,5
-1,1,1,9:56:58,5
-1,1,1,4:18:10,5
-1,1,1,10:31:50,5
-1,1,1,11:58:27,5
-1,1,1,12:44:45,5
-1,1,1,14:47:12,5
-1,1,1,14:07:22,5
-1,1,1,13:22:07,5
-1,1,1,17:04:29,5
-1,1,1,18:24:17,5
-1,1,1,23:37:07,5
-1,1,1,22:47:06,5
-1,1,1,22:08:08,5
-1,1,1,0:20:28,5
-1,1,1,21:21:11,5
-1,1,1,5:57:10,4
-1,1,1,7:31:29,4
-1,1,1,4:20:48,4
-1,1,1,15:43:43,4
-1,1,1,15:34:46,4
-1,1,1,10:34:46,4
-1,1,1,15:58:19,4
-1,1,1,18:03:51,4
-1,1,1,13:18:33,4
-1,1,1,10:25:45,3
-1,1,1,22:32:57,3
-1,1,1,8:13:46,3
-1,1,1,9:04:52,3
-1,1,1,5:47:24,3
-1,1,1,4:02:24,3
-1,1,1,14:59:32,3
-1,1,1,10:12:04,3
-1,1,1,14:01:13,3
-1,1,1,22:47:11,2
-1,1,1,8:09:44,2
-1,1,1,4:16:46,2
-1,1,1,6:39:21,2
-1,1,1,20:41:57,2
-1,1,1,9:38:38,1
-1,1,1,18:29:26,1
-1,1,1,6:35:22,1
-1,1,1,1:20:27,1
-1,1,1,8:39:05,1
-1,1,1,5:54:28,1
-1,1,1,18:21:26,1
-1,1,1,22:53:37,1
-1,1,1,16:44:20,1
-1,1,1,0:01:08,1
-1,1,1,23:17:14,1
-1,1,1,15:54:59,1
-1,1,1,5:11:01,1
-1,1,1,0:50:46,1
-1,1,1,7:31:17,1
-1,1,1,6:38:19,1
-1,1,1,1:36:05,1
-1,1,1,5:17:28,1
-1,1,1,6:17:16,1
-1,1,1,6:25:49,1
-1,1,1,19:07:42,1
-1,1,1,11:21:04,1
-1,1,1,18:35:03,1
1,-1,-1,3:42:11,11
1,-1,-1,19:40:25,9
1,-1,-1,7:12:41,9
1,-1,-1,12:34:20,8
1,-1,-1,16:45:07,8
1,-1,-1,5:30:28,7
1,-1,-1,4:07:25,7
1,-1,-1,8:00:23,7
1,-1,-1,15:02:05,7
1,-1,-1,2:08:51,7
1,-1,-1,15:38:34,7
1,-1,-1,23:50:56,6
1,-1,-1,4:28:50,6
1,-1,-1,1:05:47,6
1,-1,-1,21:23:01,6
1,-1,-1,3:55:39,6
1,-1,-1,17:57:00,6
1,-1,-1,17:22:00,6
1,-1,-1,22:07:40,6
1,-1,-1,16:04:18,6
1,-1,-1,6:59:06,6
1,-1,-1,2:14:20,6
1,-1,-1,6:59:41,6
1,-1,-1,7:27:53,6
1,-1,-1,14:03:27,6
1,-1,-1,19:34:31,6
1,-1,-1,22:56:15,6
1,-1,-1,6:25:01,5
1,-1,-1,23:31:44,5
1,-1,-1,12:38:54,5
1,-1,-1,4:44:45,5
1,-1,-1,18:44:16,5
1,-1,-1,17:41:16,5
1,-1,-1,4:05:21,4
1,-1,-1,19:16:16,4
1,-1,-1,2:59:24,4
1,-1,-1,5:57:44,4
1,-1,-1,13:25:34,3
1,-1,-1,17:11:15,3
1,-1,-1,16:35:19,2
1,-1,-1,15:33:35,2
1,-1,-1,23:37:01,2
1,-1,-1,7:52:08,2
1,-1,-1,22:29:29,1
1,-1,-1,17:27:21,1
1,-1,-1,12:21:29,1
1,-1,-1,21:43:26,1
1,-1,1,12:21:29,11
1,-1,1,12:12:01,11
1,-1,1,8:23:03,9
1,-1,1,22:23:45,9
1,-1,1,19:42:50,9
1,-1,1,18:41:19,9
1,-1,1,11:08:33,9
1,-1,1,10:14:13,9
1,-1,1,21:48:55,8
1,-1,1,23:07:30,8
1,-1,1,23:56:58,8
1,-1,1,18:18:26,7
1,-1,1,23:14:49,7
1,-1,1,3:43:31,7
1,-1,1,7:22:26,7
1,-1,1,8:48:30,7
1,-1,1,22:05:25,7
1,-1,1,8:53:41,7
1,-1,1,18:59:02,6
1,-1,1,19:47:52,6
1,-1,1,12:44:21,6
1,-1,1,16:45:21,6
1,-1,1,7:44:38,6
1,-1,1,21:42:12,6
1,-1,1,23:36:32,6
1,-1,1,14:52:02,6
1,-1,1,7:52:17,6
1,-1,1,11:00:38,6
1,-1,1,10:01:25,6
1,-1,1,10:02:58,6
1,-1,1,20:33:02,6
1,-1,1,5:07:43,6
1,-1,1,12:04:58,6
1,-1,1,16:39:12,6
1,-1,1,15:03:29,6
1,-1,1,12:43:16,6
1,-1,1,20:05:30,6
1,-1,1,4:30:19,6
1,-1,1,0:40:24,5
1,-1,1,7:36:51,5
1,-1,1,22:43:59,5
1,-1,1,1:56:19,5
1,-1,1,3:10:31,5
1,-1,1,19:10:17,5
1,-1,1,1:39:54,5
1,-1,1,22:44:29,5
1,-1,1,1:46:49,5
1,-1,1,4:04:07,5
1,-1,1,19:04:25,5
1,-1,1,18:14:08,5
1,-1,1,18:41:05,4
1,-1,1,15:52:14,4
1,-1,1,19:16:16,4
1,-1,1,20:35:35,4
1,-1,1,3:01:29,4
1,-1,1,5:21:47,4
1,-1,1,15:29:51,4
1,-1,1,21:43:26,4
1,-1,1,21:36:38,4
1,-1,1,1:03:37,4
1,-1,1,15:33:35,4
1,-1,1,10:55:08,4
1,-1,1,17:01:25,4
1,-1,1,4:15:16,4
1,-1,1,3:29:21,4
1,-1,1,3:22:05,3
1,-1,1,11:51:00,3
1,-1,1,12:42:17,3
1,-1,1,2:04:02,3
1,-1,1,21:18:38,3
1,-1,1,13:25:34,3
1,-1,1,2:47:31,3
1,-1,1,13:16:35,3
1,-1,1,10:56:23,3
1,-1,1,4:06:14,2
1,-1,1,7:41:29,2
1,-1,1,18:51:07,2
1,-1,1,4:05:21,2
1,-1,1,1:16:46,2
1,-1,1,2:59:24,2
1,-1,1,9:17:15,2
1,-1,1,7:05:21,2
1,-1,1,23:31:44,2
1,-1,1,22:40:07,2
1,-1,1,23:09:30,2
1,-1,1,16:21:39,2
1,-1,1,18:32:49,2
1,-1,1,23:37:01,2
1,-1,1,9:13:31,2
1,-1,1,14:01:19,2
1,-1,1,3:30:33,1
1,-1,1,11:13:39,1
1,-1,1,4:07:25,1
1,-1,1,5:30:28,1
1,-1,1,18:37:00,1
1,-1,1,10:10:38,1
1,-1,1,23:34:47,1
1,-1,1,1:17:39,1
1,-1,1,12:37:32,1
1,-1,1,21:30:56,1
1,-1,1,19:09:20,1
1,-1,1,8:06:38,1
1,-1,1,19:51:37,1
1,-1,1,17:26:43,1
1,-1,1,15:41:46,1
1,-1,1,11:07:57,1
1,-1,1,7:58:25,1
1,-1,1,21:57:54,1
1,-1,1,1:11:09,1
1,1,-1,15:41:12,12
1,1,-1,7:33:59,12
1,1,-1,10:32:47,12
1,1,-1,12:59:17,11
1,1,-1,8:14:42,9
1,1,-1,9:46:21,9
1,1,-1,10:46:49,9
1,1,-1,9:43:27,8
1,1,-1,15:48:22,8
1,1,-1,1:20:19,8
1,1,-1,7:08:45,8
1,1,-1,11:57:04,8
1,1,-1,10:22:47,7
1,1,-1,22:13:02,7
1,1,-1,6:34:04,6
1,1,-1,11:17:46,6
1,1,-1,19:41:08,6
1,1,-1,3:45:48,6
1,1,-1,22:56:59,6
1,1,-1,8:36:10,6
1,1,-1,3:59:40,6
1,1,-1,6:47:32,6
1,1,-1,15:28:38,5
1,1,-1,12:07:47,5
1,1,-1,17:27:21,5
1,1,-1,21:07:41,5
1,1,-1,19:25:52,4
1,1,-1,23:27:58,4
1,1,-1,7:26:13,3
1,1,-1,10:10:08,3
1,1,-1,15:42:07,3
1,1,-1,21:30:33,3
1,1,-1,9:11:34,3
1,1,-1,5:42:11,2
1,1,-1,8:45:37,2
1,1,-1,8:53:35,2
1,1,-1,18:59:02,2
1,1,-1,9:14:05,2
1,1,-1,22:39:34,2
1,1,-1,7:52:08,2
1,1,-1,1:40:44,1
1,1,-1,22:29:29,1
1,1,-1,20:21:06,1
1,1,-1,19:51:37,1
1,1,-1,8:56:38,1
1,1,-1,3:00:14,1
1,1,-1,12:26:23,1
1,1,-1,20:24:54,1
1,1,-1,12:00:09,1
1,1,-1,4:07:23,1
1,1,-1,23:44:09,1
1,1,-1,15:41:04,1
1,1,-1,21:58:47,1
1,1,-1,8:16:20,1
1,1,1,12:24:25,22
1,1,1,6:02:22,22
1,1,1,11:01:52,19
1,1,1,3:25:53,18
1,1,1,18:13:58,18
1,1,1,5:48:57,16
1,1,1,3:26:48,15
1,1,1,2:44:29,15
1,1,1,4:48:01,15
1,1,1,0:58:44,15
1,1,1,2:04:47,14
1,1,1,20:58:07,14
1,1,1,0:00:06,13
1,1,1,23:27:07,13
1,1,1,3:44:08,13
1,1,1,5:09:41,13
1,1,1,0:26:26,13
1,1,1,5:54:21,13
1,1,1,6:43:11,13
1,1,1,12:49:17,13
1,1,1,13:39:39,13
1,1,1,2:48:20,13
1,1,1,1:57:56,13
1,1,1,1:11:37,13
1,1,1,12:05:46,13
1,1,1,11:18:54,13
1,1,1,4:21:10,13
1,1,1,7:31:38,13
1,1,1,18:57:50,13
1,1,1,17:27:01,13
1,1,1,23:43:02,13
1,1,1,9:01:20,13
1,1,1,8:12:51,13
1,1,1,15:56:45,13
1,1,1,15:07:31,13
1,1,1,14:23:32,13
1,1,1,6:54:53,13
1,1,1,7:37:09,13
1,1,1,19:27:02,13
1,1,1,17:13:35,13
1,1,1,3:05:44,13
1,1,1,4:38:22,13
1,1,1,9:43:02,13
1,1,1,11:17:22,13
1,1,1,18:38:33,13
1,1,1,20:20:46,13
1,1,1,1:00:44,13
1,1,1,1:46:27,13
1,1,1,2:28:13,13
1,1,1,6:08:33,13
1,1,1,12:03:10,13
1,1,1,17:55:36,13
1,1,1,12:50:15,13
1,1,1,16:28:38,13
1,1,1,3:48:40,13
1,1,1,5:15:25,13
1,1,1,10:28:19,13
1,1,1,21:46:39,13
1,1,1,21:08:12,13
1,1,1,8:57:40,13
1,1,1,8:10:44,13
1,1,1,22:26:55,13
1,1,1,20:49:32,13
1,1,1,1:27:20,13
1,1,1,20:04:24,13
1,1,1,18:36:58,13
1,1,1,23:47:54,13
1,1,1,19:25:24,13
1,1,1,22:16:59,13
1,1,1,21:35:52,13
1,1,1,23:02:56,13
1,1,1,17:48:17,13
1,1,1,0:46:19,13
1,1,1,4:32:48,13
1,1,1,16:54:04,13
1,1,1,14:41:17,13
1,1,1,23:35:10,13
1,1,1,13:59:43,13
1,1,1,15:25:52,13
1,1,1,22:00:59,13
1,1,1,19:47:17,13
1,1,1,13:06:30,13
1,1,1,12:24:04,13
1,1,1,11:36:12,13
1,1,1,21:16:14,13
1,1,1,22:55:20,13
1,1,1,1:49:14,13
1,1,1,16:09:36,13
1,1,1,20:29:51,13
1,1,1,1:05:08,13
1,1,1,18:24:04,13
1,1,1,2:32:25,13
1,1,1,16:51:38,13
1,1,1,17:37:28,13
1,1,1,0:16:43,13
1,1,1,19:12:03,13
1,1,1,6:17:48,13
1,1,1,7:20:54,13
1,1,1,8:31:58,12
1,1,1,8:22:13,12
1,1,1,23:30:05,12
1,1,1,3:08:27,12
1,1,1,22:55:26,12
1,1,1,22:12:22,12
1,1,1,21:30:28,12
1,1,1,20:51:13,12
1,1,1,20:10:31,12
1,1,1,19:46:27,12
1,1,1,18:54:54,12
1,1,1,18:18:02,12
1,1,1,17:38:13,12
1,1,1,16:56:16,12
1,1,1,0:14:19,12
1,1,1,5:10:31,12
1,1,1,4:30:23,12
1,1,1,3:49:32,12
1,1,1,2:25:42,12
1,1,1,1:46:23,12
1,1,1,0:18:15,12
1,1,1,1:01:05,12
1,1,1,5:50:22,12
1,1,1,6:28:17,12
1,1,1,7:08:16,12
1,1,1,7:46:56,12
1,1,1,8:34:27,12
1,1,1,9:16:52,12
1,1,1,9:52:29,12
1,1,1,16:13:19,12
1,1,1,14:30:34,12
1,1,1,13:42:28,12
1,1,1,13:05:27,12
1,1,1,11:41:28,12
1,1,1,11:05:12,12
1,1,1,10:29:41,12
1,1,1,14:56:26,12
1,1,1,19:50:26,12
1,1,1,9:21:28,12
1,1,1,21:26:21,12
1,1,1,20:39:19,12
1,1,1,23:49:28,12
1,1,1,18:14:36,12
1,1,1,15:53:21,12
1,1,1,7:32:16,12
1,1,1,4:07:17,12
1,1,1,8:45:41,12
1,1,1,6:43:31,12
1,1,1,16:33:24,12
1,1,1,12:56:07,12
1,1,1,14:23:17,12
1,1,1,10:10:14,12
1,1,1,3:14:30,12
1,1,1,23:01:17,12
1,1,1,5:48:22,12
1,1,1,11:30:00,12
1,1,1,22:19:27,12
1,1,1,4:58:47,12
1,1,1,10:44:07,12
1,1,1,19:04:17,12
1,1,1,17:29:08,12
1,1,1,15:13:20,12
1,1,1,13:46:05,12
1,1,1,2:22:57,12
1,1,1,19:45:53,12
1,1,1,19:02:44,12
1,1,1,21:27:54,12
1,1,1,20:35:44,12
1,1,1,4:35:58,12
1,1,1,3:04:42,12
1,1,1,23:47:22,12
1,1,1,2:14:24,12
1,1,1,22:10:09,12
1,1,1,18:11:55,12
1,1,1,3:46:19,12
1,1,1,22:54:52,12
1,1,1,5:15:45,12
1,1,1,6:07:32,12
1,1,1,6:49:52,12
1,1,1,0:46:45,12
1,1,1,1:38:50,12
1,1,1,18:21:26,12
1,1,1,16:44:20,12
1,1,1,22:53:37,12
1,1,1,0:01:08,12
1,1,1,15:38:48,12
1,1,1,23:17:14,12
1,1,1,5:17:28,12
1,1,1,14:57:26,11
1,1,1,5:04:18,11
1,1,1,10:43:09,11
1,1,1,9:58:38,11
1,1,1,8:35:37,11
1,1,1,2:22:18,11
1,1,1,1:32:28,11
1,1,1,5:50:06,11
1,1,1,0:52:46,11
1,1,1,11:32:29,11
1,1,1,20:48:58,11
1,1,1,19:14:12,11
1,1,1,9:14:08,11
1,1,1,8:20:48,11
1,1,1,4:23:09,11
1,1,1,2:54:59,11
1,1,1,6:32:16,11
1,1,1,7:18:38,11
1,1,1,22:28:15,11
1,1,1,23:07:27,11
1,1,1,23:54:14,11
1,1,1,20:02:37,11
1,1,1,19:51:37,11
1,1,1,7:41:32,11
1,1,1,4:02:24,10
1,1,1,7:26:07,10
1,1,1,8:14:21,10
1,1,1,9:53:50,10
1,1,1,9:07:23,10
1,1,1,11:21:04,10
1,1,1,6:32:31,10
1,1,1,8:10:38,10
1,1,1,5:51:33,10
1,1,1,7:18:23,10
1,1,1,4:58:33,10
1,1,1,0:40:03,10
1,1,1,2:45:06,10
1,1,1,2:01:57,10
1,1,1,1:21:13,10
1,1,1,8:56:05,10
1,1,1,4:18:10,10
1,1,1,9:37:42,10
1,1,1,21:41:09,10
1,1,1,18:17:27,10
1,1,1,18:47:38,10
1,1,1,19:37:54,10
1,1,1,20:17:03,10
1,1,1,20:58:54,10
1,1,1,22:27:49,10
1,1,1,23:06:25,10
1,1,1,23:53:52,10
1,1,1,10:24:10,10
1,1,1,13:53:20,10
1,1,1,14:28:19,10
1,1,1,15:16:20,10
1,1,1,16:04:45,10
1,1,1,16:47:01,10
1,1,1,17:29:46,10
1,1,1,2:52:51,10
1,1,1,2:18:15,10
1,1,1,1:25:00,10
1,1,1,9:33:44,10
1,1,1,0:23:26,10
1,1,1,0:40:27,10
1,1,1,8:56:18,10
1,1,1,3:34:23,10
1,1,1,5:00:12,10
1,1,1,10:19:10,10
1,1,1,11:41:50,10
1,1,1,13:09:53,10
1,1,1,13:50:34,10
1,1,1,14:33:16,10
1,1,1,15:15:08,10
1,1,1,8:08:15,10
1,1,1,16:32:31,10
1,1,1,17:14:22,10
1,1,1,17:57:03,10
1,1,1,18:39:25,10
1,1,1,19:19:14,10
1,1,1,19:56:59,10
1,1,1,22:37:40,10
1,1,1,23:24:29,10
1,1,1,7:15:22,10
1,1,1,6:30:53,10
1,1,1,5:45:22,10
1,1,1,4:25:13,10
1,1,1,15:57:02,10
1,1,1,20:17:21,10
1,1,1,23:07:42,10
1,1,1,0:26:59,10
1,1,1,4:29:42,10
1,1,1,3:47:21,10
1,1,1,0:22:48,10
1,1,1,1:01:45,10
1,1,1,22:25:24,10
1,1,1,21:50:39,10
1,1,1,21:10:36,10
1,1,1,20:34:13,10
1,1,1,20:28:08,10
1,1,1,19:34:45,10
1,1,1,19:17:22,10
1,1,1,23:47:33,10
1,1,1,9:41:04,10
1,1,1,1:50:55,10
1,1,1,8:25:56,10
1,1,1,7:47:32,10
1,1,1,7:07:16,10
1,1,1,6:23:55,10
1,1,1,9:03:26,10
1,1,1,17:31:06,10
1,1,1,16:54:32,10
1,1,1,14:13:20,10
1,1,1,13:32:52,10
1,1,1,12:21:49,10
1,1,1,13:11:42,10
1,1,1,11:00:06,10
1,1,1,10:21:25,10
1,1,1,2:29:36,10
1,1,1,3:08:43,10
1,1,1,5:05:44,10
1,1,1,0:57:46,9
1,1,1,0:25:22,9
1,1,1,23:39:20,9
1,1,1,5:32:20,9
1,1,1,15:06:54,9
1,1,1,5:03:29,9
1,1,1,4:14:47,9
1,1,1,3:01:13,9
1,1,1,2:54:23,9
1,1,1,1:28:10,9
1,1,1,0:50:10,9
1,1,1,0:11:48,9
1,1,1,23:32:35,9
1,1,1,22:46:38,9
1,1,1,21:28:57,9
1,1,1,20:03:02,9
1,1,1,19:27:09,9
1,1,1,18:44:56,9
1,1,1,17:56:06,9
1,1,1,17:19:05,9
1,1,1,16:31:13,9
1,1,1,15:46:00,9
1,1,1,14:24:01,9
1,1,1,13:44:56,9
1,1,1,13:09:26,9
1,1,1,12:23:41,9
1,1,1,11:50:32,9
1,1,1,22:08:58,9
1,1,1,20:47:04,9
1,1,1,6:06:41,9
1,1,1,12:56:12,9
1,1,1,9:57:20,9
1,1,1,12:57:44,9
1,1,1,18:42:32,9
1,1,1,19:29:40,9
1,1,1,19:34:09,9
1,1,1,9:08:59,9
1,1,1,20:06:06,9
1,1,1,21:45:14,9
1,1,1,1:36:57,9
1,1,1,12:52:59,9
1,1,1,4:15:36,9
1,1,1,15:07:24,9
1,1,1,13:44:06,9
1,1,1,22:16:39,9
1,1,1,23:02:07,9
1,1,1,20:54:03,9
1,1,1,5:19:37,9
1,1,1,4:19:32,9
1,1,1,10:37:43,9
1,1,1,14:20:50,9
1,1,1,4:17:08,9
1,1,1,4:34:09,9
1,1,1,7:31:09,9
1,1,1,6:42:58,9
1,1,1,1:09:55,9
1,1,1,3:17:09,9
1,1,1,0:10:57,9
1,1,1,2:32:04,9
1,1,1,23:11:52,9
1,1,1,0:57:19,9
1,1,1,3:33:11,9
1,1,1,0:04:49,9
1,1,1,23:17:30,9
1,1,1,4:13:20,9
1,1,1,22:31:37,9
1,1,1,21:46:01,9
1,1,1,4:54:41,9
1,1,1,7:36:35,9
1,1,1,7:04:13,9
1,1,1,6:21:37,9
1,1,1,5:36:43,9
1,1,1,2:53:11,9
1,1,1,2:18:08,9
1,1,1,1:41:14,9
1,1,1,0:51:02,9
1,1,1,11:07:57,9
1,1,1,12:00:09,9
1,1,1,2:01:30,9
1,1,1,21:37:04,9
1,1,1,21:40:39,9
1,1,1,22:18:41,9
1,1,1,22:59:13,9
1,1,1,23:35:32,9
1,1,1,0:38:27,9
1,1,1,1:23:35,9
1,1,1,15:47:40,9
1,1,1,15:06:40,9
1,1,1,14:21:40,9
1,1,1,13:38:16,9
1,1,1,12:51:55,9
1,1,1,11:27:23,9
1,1,1,10:40:44,9
1,1,1,9:55:33,9
1,1,1,9:17:33,9
1,1,1,8:34:01,9
1,1,1,7:49:53,9
1,1,1,6:24:24,9
1,1,1,5:43:08,9
1,1,1,5:02:03,9
1,1,1,4:17:59,9
1,1,1,3:36:07,9
1,1,1,2:47:18,9
1,1,1,12:12:41,9
1,1,1,20:15:02,9
1,1,1,18:57:18,9
1,1,1,18:06:01,9
1,1,1,17:22:42,9
1,1,1,20:41:11,9
1,1,1,19:59:47,9
1,1,1,19:26:00,9
1,1,1,22:11:55,9
1,1,1,21:27:41,9
1,1,1,23:11:39,9
1,1,1,23:38:56,9
1,1,1,13:43:34,9
1,1,1,10:57:27,9
1,1,1,17:01:01,9
1,1,1,16:36:58,9
1,1,1,15:48:05,9
1,1,1,15:32:16,9
1,1,1,14:26:44,9
1,1,1,13:10:28,9
1,1,1,12:23:34,9
1,1,1,11:41:57,9
1,1,1,10:16:30,9
1,1,1,9:26:45,9
1,1,1,10:51:55,9
1,1,1,7:55:21,9
1,1,1,7:12:38,9
1,1,1,6:27:15,9
1,1,1,5:39:40,9
1,1,1,5:02:28,9
1,1,1,4:16:56,9
1,1,1,3:30:32,9
1,1,1,2:49:30,9
1,1,1,2:00:56,9
1,1,1,1:14:10,9
1,1,1,0:34:53,9
1,1,1,9:23:54,9
1,1,1,8:43:43,9
1,1,1,8:03:30,9
1,1,1,7:30:15,9
1,1,1,1:05:00,9
1,1,1,8:22:40,9
1,1,1,5:24:21,9
1,1,1,5:02:54,9
1,1,1,3:56:21,9
1,1,1,3:14:18,9
1,1,1,2:32:32,9
1,1,1,1:49:43,9
1,1,1,0:21:06,9
1,1,1,20:48:48,9
1,1,1,15:11:15,9
1,1,1,11:56:45,9
1,1,1,11:07:50,9
1,1,1,10:17:27,9
1,1,1,9:39:59,9
1,1,1,8:53:28,9
1,1,1,8:16:33,9
1,1,1,6:52:35,9
1,1,1,5:22:56,9
1,1,1,4:48:13,9
1,1,1,3:59:12,9
1,1,1,3:19:27,9
1,1,1,2:34:42,9
1,1,1,1:51:18,9
1,1,1,1:10:41,9
1,1,1,6:14:01,9
1,1,1,15:53:27,9
1,1,1,17:19:03,9
1,1,1,17:58:53,9
1,1,1,21:25:11,9
1,1,1,20:00:07,9
1,1,1,19:31:51,9
1,1,1,18:48:59,9
1,1,1,22:47:22,9
1,1,1,22:06:57,9
1,1,1,16:33:27,9
1,1,1,6:00:49,9
1,1,1,5:17:26,9
1,1,1,4:41:04,9
1,1,1,4:00:28,9
1,1,1,3:20:09,9
1,1,1,2:38:57,9
1,1,1,1:57:16,9
1,1,1,1:17:27,9
1,1,1,0:37:28,9
1,1,1,6:40:30,9
1,1,1,7:21:42,9
1,1,1,8:40:52,9
1,1,1,15:23:07,9
1,1,1,12:31:18,9
1,1,1,9:26:18,9
1,1,1,1:40:44,8
1,1,1,23:09:49,8
1,1,1,19:33:56,8
1,1,1,22:23:26,8
1,1,1,14:04:06,8
1,1,1,12:43:12,8
1,1,1,13:26:08,8
1,1,1,18:54:12,8
1,1,1,14:45:02,8
1,1,1,15:38:27,8
1,1,1,18:13:40,8
1,1,1,16:41:43,8
1,1,1,16:04:51,8
1,1,1,17:30:59,8
1,1,1,11:22:09,8
1,1,1,12:03:15,8
1,1,1,10:40:07,8
1,1,1,10:07:01,8
1,1,1,20:51:36,8
1,1,1,21:44:02,8
1,1,1,22:26:42,8
1,1,1,23:07:25,8
1,1,1,23:33:55,8
1,1,1,0:36:12,8
1,1,1,0:40:43,8
1,1,1,1:20:44,8
1,1,1,2:01:55,8
1,1,1,11:02:16,8
1,1,1,10:21:06,8
1,1,1,18:30:26,8
1,1,1,3:53:03,8
1,1,1,11:53:34,8
1,1,1,5:08:27,8
1,1,1,7:24:39,8
1,1,1,9:00:38,8
1,1,1,18:02:58,8
1,1,1,17:00:07,8
1,1,1,6:38:23,8
1,1,1,14:05:13,8
1,1,1,15:30:49,8
1,1,1,4:25:08,8
1,1,1,5:54:40,8
1,1,1,14:49:55,8
1,1,1,16:21:03,8
1,1,1,13:18:35,8
1,1,1,2:54:28,8
1,1,1,8:14:58,8
1,1,1,9:43:39,8
1,1,1,6:33:06,8
1,1,1,5:48:37,8
1,1,1,19:37:52,8
1,1,1,15:00:11,8
1,1,1,4:16:21,8
1,1,1,2:25:35,8
1,1,1,18:40:15,8
1,1,1,18:03:51,8
1,1,1,17:19:36,8
1,1,1,23:22:15,8
1,1,1,5:56:54,8
1,1,1,0:03:47,8
1,1,1,15:46:12,8
1,1,1,20:15:21,8
1,1,1,5:08:23,8
1,1,1,3:25:29,8
1,1,1,22:35:11,8
1,1,1,2:03:26,8
1,1,1,12:42:26,8
1,1,1,14:19:44,8
1,1,1,20:58:10,8
1,1,1,1:05:55,8
1,1,1,7:19:55,8
1,1,1,6:37:52,8
1,1,1,6:02:35,8
1,1,1,5:20:46,8
1,1,1,2:51:25,8
1,1,1,4:08:26,8
1,1,1,3:29:36,8
1,1,1,2:09:03,8
1,1,1,7:59:38,8
1,1,1,4:46:30,8
1,1,1,8:30:24,8
1,1,1,12:34:46,8
1,1,1,9:50:23,8
1,1,1,9:10:38,8
1,1,1,10:34:25,8
1,1,1,11:10:09,8
1,1,1,13:12:45,8
1,1,1,13:53:51,8
1,1,1,14:34:53,8
1,1,1,15:14:05,8
1,1,1,15:52:53,8
1,1,1,16:36:41,8
1,1,1,11:51:34,8
1,1,1,17:54:27,8
1,1,1,18:44:00,8
1,1,1,19:19:45,8
1,1,1,20:13:51,8
1,1,1,22:39:02,8
1,1,1,23:17:26,8
1,1,1,23:56:11,8
1,1,1,17:16:23,8
1,1,1,20:24:54,8
1,1,1,18:55:57,8
1,1,1,17:30:51,8
1,1,1,18:04:20,8
1,1,1,16:03:23,8
1,1,1,9:56:10,8
1,1,1,14:38:44,8
1,1,1,14:10:00,8
1,1,1,13:16:00,8
1,1,1,12:43:48,8
1,1,1,12:03:43,8
1,1,1,11:19:20,8
1,1,1,10:39:57,8
1,1,1,18:41:00,8
1,1,1,15:22:52,8
1,1,1,19:21:51,8
1,1,1,22:46:14,8
1,1,1,20:43:56,8
1,1,1,7:56:43,8
1,1,1,20:05:19,8
1,1,1,22:04:45,8
1,1,1,0:08:15,8
1,1,1,21:23:07,8
1,1,1,7:13:51,8
1,1,1,4:49:17,8
1,1,1,3:30:03,8
1,1,1,2:56:09,8
1,1,1,2:08:27,8
1,1,1,1:28:32,8
1,1,1,0:48:16,8
1,1,1,18:20:30,8
1,1,1,19:16:09,8
1,1,1,20:36:08,8
1,1,1,21:30:07,8
1,1,1,22:14:11,8
1,1,1,19:52:01,8
1,1,1,16:51:12,8
1,1,1,7:58:25,8
1,1,1,17:39:03,8
1,1,1,16:09:59,8
1,1,1,20:21:06,7
1,1,1,3:59:01,7
1,1,1,2:58:45,7
1,1,1,2:27:59,7
1,1,1,9:12:13,7
1,1,1,8:20:53,7
1,1,1,7:47:19,7
1,1,1,6:57:19,7
1,1,1,6:18:04,7
1,1,1,4:47:22,7
1,1,1,5:33:41,7
1,1,1,1:41:49,7
1,1,1,0:50:40,7
1,1,1,0:06:07,7
1,1,1,4:46:05,7
1,1,1,7:03:18,7
1,1,1,6:19:46,7
1,1,1,5:42:36,7
1,1,1,4:04:58,7
1,1,1,1:32:31,7
1,1,1,2:23:25,7
1,1,1,3:11:42,7
1,1,1,0:50:31,7
1,1,1,21:55:35,7
1,1,1,20:57:29,7
1,1,1,22:45:57,7
1,1,1,23:34:41,7
1,1,1,20:04:14,7
1,1,1,8:53:35,7
1,1,1,2:07:53,7
1,1,1,22:06:36,7
1,1,1,13:02:48,7
1,1,1,14:32:50,7
1,1,1,22:42:30,7
1,1,1,22:09:07,7
1,1,1,21:19:14,7
1,1,1,19:47:31,7
1,1,1,18:20:07,7
1,1,1,17:31:54,7
1,1,1,19:09:37,7
1,1,1,16:02:12,7
1,1,1,11:36:52,7
1,1,1,3:37:36,7
1,1,1,13:48:16,7
1,1,1,15:16:42,7
1,1,1,5:06:40,7
1,1,1,12:20:08,7
1,1,1,7:19:30,7
1,1,1,16:47:45,7
1,1,1,2:56:03,7
1,1,1,10:53:55,7
1,1,1,10:01:51,7
1,1,1,11:22:32,7
1,1,1,0:32:54,7
1,1,1,4:30:00,7
1,1,1,3:03:49,7
1,1,1,0:05:21,7
1,1,1,17:07:56,7
1,1,1,17:58:09,7
1,1,1,0:36:49,7
1,1,1,23:12:04,7
1,1,1,18:38:34,7
1,1,1,15:35:01,7
1,1,1,11:50:54,7
1,1,1,16:34:22,7
1,1,1,11:13:30,7
1,1,1,9:16:44,7
1,1,1,14:09:49,7
1,1,1,13:24:24,7
1,1,1,5:15:02,7
1,1,1,3:51:13,7
1,1,1,12:36:24,7
1,1,1,2:18:57,7
1,1,1,1:28:56,7
1,1,1,14:54:04,7
1,1,1,20:15:42,7
1,1,1,19:30:20,7
1,1,1,8:33:04,7
1,1,1,21:36:19,7
1,1,1,20:52:50,7
1,1,1,7:32:37,7
1,1,1,7:18:18,7
1,1,1,6:04:04,7
1,1,1,5:20:18,7
1,1,1,1:28:05,7
1,1,1,22:11:03,7
1,1,1,23:37:57,7
1,1,1,4:32:29,7
1,1,1,3:50:28,7
1,1,1,3:06:50,7
1,1,1,2:20:28,7
1,1,1,0:17:42,7
1,1,1,22:51:17,7
1,1,1,21:29:00,7
1,1,1,6:03:23,7
1,1,1,0:57:51,7
1,1,1,5:57:56,7
1,1,1,3:49:09,7
1,1,1,15:12:12,7
1,1,1,21:02:37,7
1,1,1,21:46:35,7
1,1,1,23:14:36,7
1,1,1,0:02:53,7
1,1,1,9:26:19,7
1,1,1,20:17:43,7
1,1,1,13:42:54,7
1,1,1,12:21:20,7
1,1,1,16:39:54,7
1,1,1,17:22:27,7
1,1,1,2:22:23,7
1,1,1,10:56:33,7
1,1,1,14:24:39,7
1,1,1,13:00:43,7
1,1,1,8:08:34,7
1,1,1,19:36:53,7
1,1,1,18:07:06,7
1,1,1,13:06:23,7
1,1,1,2:46:17,7
1,1,1,4:13:14,7
1,1,1,12:19:39,7
1,1,1,3:31:37,7
1,1,1,2:04:28,7
1,1,1,22:35:34,7
1,1,1,13:45:51,7
1,1,1,21:02:21,7
1,1,1,21:46:07,7
1,1,1,0:41:52,7
1,1,1,5:46:28,7
1,1,1,6:30:32,7
1,1,1,9:32:44,7
1,1,1,10:52:38,7
1,1,1,8:53:26,7
1,1,1,7:20:22,7
1,1,1,15:11:20,7
1,1,1,15:56:39,7
1,1,1,20:28:40,7
1,1,1,0:03:37,7
1,1,1,1:20:36,7
1,1,1,5:00:55,7
1,1,1,10:14:13,7
1,1,1,11:59:58,7
1,1,1,14:24:52,7
1,1,1,16:38:58,7
1,1,1,17:24:45,7
1,1,1,18:07:56,7
1,1,1,18:55:15,7
1,1,1,19:47:28,7
1,1,1,5:05:40,7
1,1,1,18:13:36,7
1,1,1,17:33:36,7
1,1,1,12:19:21,7
1,1,1,6:44:44,7
1,1,1,4:29:38,7
1,1,1,2:16:28,7
1,1,1,10:13:13,7
1,1,1,0:38:45,7
1,1,1,2:56:19,7
1,1,1,19:46:03,7
1,1,1,0:24:07,7
1,1,1,23:36:27,7
1,1,1,13:06:07,7
1,1,1,13:09:19,7
1,1,1,20:34:18,7
1,1,1,22:02:18,7
1,1,1,9:39:11,7
1,1,1,1:35:39,7
1,1,1,19:05:28,7
1,1,1,15:16:49,7
1,1,1,14:05:01,7
1,1,1,11:47:52,7
1,1,1,16:00:03,7
1,1,1,22:47:54,7
1,1,1,21:16:15,7
1,1,1,14:38:17,7
1,1,1,5:59:46,7
1,1,1,1:26:54,7
1,1,1,0:36:57,7
1,1,1,22:31:39,7
1,1,1,21:51:45,7
1,1,1,5:45:38,7
1,1,1,19:54:18,7
1,1,1,6:25:24,7
1,1,1,7:11:01,7
1,1,1,8:03:46,7
1,1,1,8:44:47,7
1,1,1,9:30:43,7
1,1,1,11:58:53,7
1,1,1,4:59:42,7
1,1,1,4:14:45,7
1,1,1,3:31:25,7
1,1,1,12:39:39,7
1,1,1,13:22:20,7
1,1,1,14:55:40,7
1,1,1,15:36:43,7
1,1,1,16:20:03,7
1,1,1,17:00:28,7
1,1,1,17:44:09,7
1,1,1,21:07:45,7
1,1,1,18:25:39,7
1,1,1,20:26:46,7
1,1,1,19:11:08,7
1,1,1,14:07:32,7
1,1,1,10:16:39,7
1,1,1,14:22:24,7
1,1,1,15:03:32,7
1,1,1,15:48:43,7
1,1,1,17:12:59,7
1,1,1,17:23:49,7
1,1,1,18:05:50,7
1,1,1,19:19:56,7
1,1,1,20:01:03,7
1,1,1,20:49:22,7
1,1,1,21:27:07,7
1,1,1,22:06:33,7
1,1,1,22:49:10,7
1,1,1,18:43:41,7
1,1,1,10:44:02,7
1,1,1,1:26:18,7
1,1,1,2:07:42,7
1,1,1,2:44:08,7
1,1,1,3:25:42,7
1,1,1,4:03:50,7
1,1,1,5:29:50,7
1,1,1,6:16:02,7
1,1,1,6:59:07,7
1,1,1,8:32:48,7
1,1,1,11:27:07,7
1,1,1,0:47:28,7
1,1,1,0:14:17,7
1,1,1,23:29:50,7
1,1,1,7:26:11,7
1,1,1,6:43:16,7
1,1,1,6:03:47,7
1,1,1,5:25:32,7
1,1,1,4:45:55,7
1,1,1,4:05:59,7
1,1,1,3:25:24,7
1,1,1,2:40:46,7
1,1,1,1:17:49,7
1,1,1,0:53:31,7
1,1,1,19:03:06,7
1,1,1,21:17:33,7
1,1,1,21:52:50,7
1,1,1,22:33:08,7
1,1,1,23:12:51,7
1,1,1,23:53:28,7
1,1,1,8:13:31,7
1,1,1,2:03:24,7
1,1,1,8:48:53,7
1,1,1,14:21:56,7
1,1,1,10:14:09,7
1,1,1,13:37:30,7
1,1,1,12:14:37,7
1,1,1,11:35:58,7
1,1,1,10:51:16,7
1,1,1,9:35:06,7
1,1,1,14:56:02,7
1,1,1,15:39:59,7
1,1,1,17:00:31,7
1,1,1,12:56:50,7
1,1,1,16:17:46,7
1,1,1,17:41:52,7
1,1,1,18:22:16,7
1,1,1,17:26:43,7
1,1,1,10:18:46,7
1,1,1,11:00:37,7
1,1,1,11:40:44,7
1,1,1,12:25:46,7
1,1,1,13:45:54,7
1,1,1,9:38:02,7
1,1,1,14:24:49,7
1,1,1,15:03:40,7
1,1,1,13:05:42,7
1,1,1,8:50:56,7
1,1,1,7:37:43,7
1,1,1,7:00:49,7
1,1,1,5:40:40,7
1,1,1,5:11:14,7
1,1,1,4:27:05,7
1,1,1,3:46:52,7
1,1,1,2:24:05,7
1,1,1,1:39:44,7
1,1,1,1:03:02,7
1,1,1,3:08:54,7
1,1,1,8:18:42,7
1,1,1,23:15:26,7
1,1,1,16:22:20,7
1,1,1,17:07:29,7
1,1,1,17:46:19,7
1,1,1,18:32:01,7
1,1,1,19:12:02,7
1,1,1,19:52:00,7
1,1,1,21:10:38,7
1,1,1,21:13:03,7
1,1,1,22:28:16,7
1,1,1,22:33:37,7
1,1,1,23:55:33,7
1,1,1,4:07:23,7
1,1,1,22:32:41,7
1,1,1,23:13:19,7
1,1,1,21:00:17,7
1,1,1,20:18:27,7
1,1,1,23:55:38,7
1,1,1,19:47:01,7
1,1,1,19:07:18,7
1,1,1,15:50:49,7
1,1,1,21:48:16,7
1,1,1,0:45:46,7
1,1,1,1:26:27,7
1,1,1,2:05:00,7
1,1,1,3:24:00,7
1,1,1,4:09:15,7
1,1,1,4:45:47,7
1,1,1,5:24:55,7
1,1,1,6:04:16,7
1,1,1,15:02:24,7
1,1,1,2:43:24,7
1,1,1,13:30:46,7
1,1,1,10:12:03,7
1,1,1,12:13:58,7
1,1,1,10:53:43,7
1,1,1,11:28:56,7
1,1,1,12:50:08,7
1,1,1,9:35:48,7
1,1,1,8:49:05,7
1,1,1,8:08:10,7
1,1,1,7:22:36,7
1,1,1,6:42:48,7
1,1,1,8:16:01,7
1,1,1,7:41:21,7
1,1,1,6:56:12,7
1,1,1,6:21:12,7
1,1,1,4:55:12,7
1,1,1,4:14:02,7
1,1,1,3:27:15,7
1,1,1,2:50:03,7
1,1,1,23:42:20,7
1,1,1,5:33:05,7
1,1,1,1:24:23,7
1,1,1,21:32:00,7
1,1,1,20:47:38,7
1,1,1,19:44:54,7
1,1,1,19:09:57,7
1,1,1,22:23:58,7
1,1,1,0:39:51,7
1,1,1,23:43:53,7
1,1,1,23:02:38,7
1,1,1,19:57:28,7
1,1,1,19:36:58,7
1,1,1,18:27:29,7
1,1,1,17:44:26,7
1,1,1,17:04:19,7
1,1,1,16:22:59,7
1,1,1,14:20:44,7
1,1,1,13:38:21,7
1,1,1,12:53:51,7
1,1,1,12:13:53,7
1,1,1,5:03:40,7
1,1,1,11:36:26,7
1,1,1,5:50:24,7
1,1,1,6:24:13,7
1,1,1,10:51:08,7
1,1,1,10:12:19,7
1,1,1,9:33:10,7
1,1,1,7:04:24,7
1,1,1,4:24:55,7
1,1,1,8:56:06,7
1,1,1,8:15:09,7
1,1,1,7:38:22,7
1,1,1,3:53:24,7
1,1,1,3:14:57,7
1,1,1,2:31:31,7
1,1,1,1:51:47,7
1,1,1,0:30:47,7
1,1,1,1:08:43,7
1,1,1,16:42:15,7
1,1,1,17:10:05,7
1,1,1,18:21:34,7
1,1,1,18:36:45,7
1,1,1,19:17:29,7
1,1,1,20:22:56,7
1,1,1,21:35:28,7
1,1,1,21:03:40,7
1,1,1,22:21:19,7
1,1,1,23:05:22,7
1,1,1,23:59:19,7
1,1,1,1:28:57,7
1,1,1,9:37:01,7
1,1,1,8:14:09,7
1,1,1,8:47:38,7
1,1,1,7:32:02,7
1,1,1,7:01:19,7
1,1,1,6:08:15,7
1,1,1,5:31:15,7
1,1,1,4:49:34,7
1,1,1,4:12:14,7
1,1,1,3:24:44,7
1,1,1,1:01:53,7
1,1,1,10:13:02,7
1,1,1,10:54:08,7
1,1,1,18:50:58,7
1,1,1,19:26:19,7
1,1,1,20:18:26,7
1,1,1,21:05:04,7
1,1,1,0:07:26,7
1,1,1,17:53:16,7
1,1,1,17:09:37,7
1,1,1,16:24:41,7
1,1,1,11:38:31,7
1,1,1,12:06:43,7
1,1,1,12:52:42,7
1,1,1,13:45:57,7
1,1,1,14:07:04,7
1,1,1,14:57:29,7
1,1,1,10:03:37,6
1,1,1,10:41:25,6
1,1,1,9:22:37,6
1,1,1,8:36:37,6
1,1,1,7:53:56,6
1,1,1,0:09:06,6
1,1,1,4:11:30,6
1,1,1,11:25:34,6
1,1,1,4:59:24,6
1,1,1,7:15:12,6
1,1,1,3:27:37,6
1,1,1,12:11:37,6
1,1,1,12:57:37,6
1,1,1,13:37:08,6
1,1,1,22:39:27,6
1,1,1,21:54:23,6
1,1,1,21:10:03,6
1,1,1,20:25:50,6
1,1,1,19:50:34,6
1,1,1,18:24:45,6
1,1,1,16:59:13,6
1,1,1,16:22:52,6
1,1,1,15:43:40,6
1,1,1,14:58:00,6
1,1,1,14:17:27,6
1,1,1,17:44:34,6
1,1,1,23:21:30,6
1,1,1,0:07:27,6
1,1,1,22:36:31,6
1,1,1,18:27:15,6
1,1,1,21:25:25,6
1,1,1,19:05:47,6
1,1,1,20:45:08,6
1,1,1,22:11:37,6
1,1,1,11:41:27,6
1,1,1,17:42:25,6
1,1,1,17:08:00,6
1,1,1,16:26:12,6
1,1,1,15:42:12,6
1,1,1,15:03:29,6
1,1,1,14:21:57,6
1,1,1,13:41:51,6
1,1,1,12:59:50,6
1,1,1,12:15:32,6
1,1,1,2:53:13,6
1,1,1,13:40:45,6
1,1,1,0:02:18,6
1,1,1,15:06:35,6
1,1,1,2:06:05,6
1,1,1,1:24:28,6
1,1,1,23:24:53,6
1,1,1,23:53:32,6
1,1,1,23:16:18,6
1,1,1,0:46:17,6
1,1,1,21:51:59,6
1,1,1,21:07:38,6
1,1,1,20:25:56,6
1,1,1,19:45:56,6
1,1,1,19:04:44,6
1,1,1,18:24:47,6
1,1,1,17:36:03,6
1,1,1,17:57:25,6
1,1,1,14:21:37,6
1,1,1,14:47:35,6
1,1,1,11:02:59,6
1,1,1,13:19:22,6
1,1,1,10:16:53,6
1,1,1,15:29:19,6
1,1,1,14:02:56,6
1,1,1,12:32:18,6
1,1,1,11:49:55,6
1,1,1,14:04:37,6
1,1,1,7:19:21,6
1,1,1,7:56:16,6
1,1,1,9:09:33,6
1,1,1,10:33:28,6
1,1,1,11:58:20,6
1,1,1,18:14:18,6
1,1,1,17:30:34,6
1,1,1,12:40:25,6
1,1,1,13:20:12,6
1,1,1,9:53:04,6
1,1,1,21:27:30,6
1,1,1,4:44:05,6
1,1,1,6:01:07,6
1,1,1,0:05:28,6
1,1,1,22:40:06,6
1,1,1,22:01:44,6
1,1,1,20:47:19,6
1,1,1,20:10:29,6
1,1,1,19:34:30,6
1,1,1,6:45:40,6
1,1,1,0:44:41,6
1,1,1,1:28:46,6
1,1,1,2:06:50,6
1,1,1,2:45:57,6
1,1,1,5:19:38,6
1,1,1,2:00:22,6
1,1,1,0:39:12,6
1,1,1,1:23:28,6
1,1,1,1:16:46,6
1,1,1,16:58:35,6
1,1,1,17:44:36,6
1,1,1,18:31:12,6
1,1,1,16:56:17,6
1,1,1,23:30:37,6
1,1,1,12:37:12,6
1,1,1,11:46:33,6
1,1,1,11:08:49,6
1,1,1,10:33:03,6
1,1,1,9:34:22,6
1,1,1,13:20:23,6
1,1,1,19:08:11,6
1,1,1,14:07:47,6
1,1,1,14:45:09,6
1,1,1,22:47:26,6
1,1,1,22:04:49,6
1,1,1,20:36:04,6
1,1,1,19:55:10,6
1,1,1,0:14:08,6
1,1,1,7:26:13,6
1,1,1,2:43:43,6
1,1,1,7:57:52,6
1,1,1,1:56:58,6
1,1,1,1:15:41,6
1,1,1,4:06:50,6
1,1,1,4:48:44,6
1,1,1,5:32:03,6
1,1,1,3:24:30,6
1,1,1,6:34:28,6
1,1,1,5:58:30,6
1,1,1,7:17:17,6
1,1,1,11:18:08,6
1,1,1,10:35:52,6
1,1,1,9:54:55,6
1,1,1,9:15:02,6
1,1,1,8:43:27,6
1,1,1,13:55:34,6
1,1,1,16:00:39,6
1,1,1,0:03:18,6
1,1,1,23:28:24,6
1,1,1,22:44:25,6
1,1,1,22:07:42,6
1,1,1,21:31:09,6
1,1,1,20:46:49,6
1,1,1,20:04:13,6
1,1,1,19:35:43,6
1,1,1,18:50:13,6
1,1,1,17:23:05,6
1,1,1,14:39:34,6
1,1,1,18:06:50,6
1,1,1,15:20:10,6
1,1,1,16:44:47,6
1,1,1,19:19:52,6
1,1,1,23:50:39,6
1,1,1,23:12:36,6
1,1,1,22:24:53,6
1,1,1,1:01:49,6
1,1,1,1:46:37,6
1,1,1,2:26:32,6
1,1,1,3:13:26,6
1,1,1,5:20:33,6
1,1,1,6:03:33,6
1,1,1,6:45:43,6
1,1,1,7:25:44,6
1,1,1,8:02:10,6
1,1,1,8:45:20,6
1,1,1,9:28:27,6
1,1,1,10:52:50,6
1,1,1,11:31:24,6
1,1,1,12:15:27,6
1,1,1,12:58:31,6
1,1,1,14:25:20,6
1,1,1,20:20:37,6
1,1,1,20:58:58,6
1,1,1,16:30:46,6
1,1,1,13:49:37,6
1,1,1,21:41:26,6
1,1,1,15:47:43,6
1,1,1,15:05:13,6
1,1,1,1:37:01,6
1,1,1,2:16:52,6
1,1,1,3:40:02,6
1,1,1,4:17:50,6
1,1,1,4:58:09,6
1,1,1,6:56:47,6
1,1,1,0:53:21,6
1,1,1,6:20:04,6
1,1,1,5:37:33,6
1,1,1,20:46:10,6
1,1,1,0:06:29,6
1,1,1,23:28:38,6
1,1,1,22:48:07,6
1,1,1,18:42:27,6
1,1,1,18:53:22,6
1,1,1,19:31:39,6
1,1,1,20:06:31,6
1,1,1,21:25:14,6
1,1,1,0:42:58,6
1,1,1,6:46:48,6
1,1,1,7:27:00,6
1,1,1,2:39:06,6
1,1,1,3:17:54,6
1,1,1,4:03:47,6
1,1,1,4:51:21,6
1,1,1,5:29:24,6
1,1,1,6:08:03,6
1,1,1,8:15:03,6
1,1,1,1:21:07,6
1,1,1,2:09:22,6
1,1,1,10:16:09,6
1,1,1,10:54:45,6
1,1,1,11:24:52,6
1,1,1,9:32:41,6
1,1,1,8:52:57,6
1,1,1,12:52:15,6
1,1,1,22:17:57,6
1,1,1,12:17:06,6
1,1,1,13:30:55,6
1,1,1,14:14:01,6
1,1,1,14:47:24,6
1,1,1,15:25:13,6
1,1,1,19:29:19,6
1,1,1,23:37:55,6
1,1,1,22:59:39,6
1,1,1,21:32:25,6
1,1,1,20:02:03,6
1,1,1,20:51:22,6
1,1,1,16:28:01,6
1,1,1,23:07:46,6
1,1,1,19:38:18,6
1,1,1,18:42:53,6
1,1,1,8:54:42,6
1,1,1,8:08:00,6
1,1,1,14:12:34,6
1,1,1,13:21:16,6
1,1,1,12:39:08,6
1,1,1,0:26:00,6
1,1,1,7:42:35,6
1,1,1,17:57:05,6
1,1,1,0:18:06,6
1,1,1,3:40:38,6
1,1,1,17:13:11,6
1,1,1,11:50:40,6
1,1,1,10:20:43,6
1,1,1,11:15:52,6
1,1,1,9:39:18,6
1,1,1,6:37:39,6
1,1,1,13:58:17,6
1,1,1,13:19:19,6
1,1,1,11:58:11,6
1,1,1,11:21:18,6
1,1,1,10:42:14,6
1,1,1,10:04:02,6
1,1,1,8:35:01,6
1,1,1,19:36:39,6
1,1,1,0:28:07,6
1,1,1,1:54:36,6
1,1,1,2:38:06,6
1,1,1,7:55:34,6
1,1,1,4:02:00,6
1,1,1,5:18:56,6
1,1,1,7:12:58,6
1,1,1,3:25:04,6
1,1,1,16:47:19,6
1,1,1,17:28:28,6
1,1,1,16:14:06,6
1,1,1,15:22:32,6
1,1,1,14:40:24,6
1,1,1,20:18:19,6
1,1,1,18:54:19,6
1,1,1,18:10:54,6
1,1,1,21:00:54,6
1,1,1,22:29:34,6
1,1,1,23:15:29,6
1,1,1,23:57:46,6
1,1,1,10:26:47,6
1,1,1,11:16:39,6
1,1,1,12:04:28,6
1,1,1,14:09:13,6
1,1,1,1:32:55,6
1,1,1,0:49:28,6
1,1,1,2:53:24,6
1,1,1,3:31:55,6
1,1,1,10:12:32,6
1,1,1,12:49:15,6
1,1,1,8:54:58,6
1,1,1,7:35:03,6
1,1,1,6:55:52,6
1,1,1,5:34:42,6
1,1,1,4:55:41,6
1,1,1,4:14:18,6
1,1,1,2:13:22,6
1,1,1,19:48:35,6
1,1,1,22:07:20,6
1,1,1,23:01:44,6
1,1,1,15:35:10,6
1,1,1,17:42:20,6
1,1,1,18:24:52,6
1,1,1,16:19:24,6
1,1,1,16:59:42,6
1,1,1,8:39:05,6
1,1,1,5:54:28,6
1,1,1,6:35:22,6
1,1,1,1:20:27,6
1,1,1,13:51:06,6
1,1,1,20:34:31,6
1,1,1,14:38:49,6
1,1,1,13:04:33,6
1,1,1,9:30:47,6
1,1,1,6:26:09,6
1,1,1,3:33:23,6
1,1,1,17:04:17,6
1,1,1,22:25:00,6
1,1,1,16:17:58,6
1,1,1,5:44:16,6
1,1,1,4:58:40,6
1,1,1,15:31:57,6
1,1,1,4:11:22,6
1,1,1,19:38:48,6
1,1,1,3:44:23,6
1,1,1,7:13:05,6
1,1,1,18:52:17,6
1,1,1,10:16:25,6
1,1,1,11:40:40,6
1,1,1,12:25:48,6
1,1,1,23:20:31,6
1,1,1,0:08:43,6
1,1,1,8:42:37,6
1,1,1,21:32:57,6
1,1,1,17:59:27,6
1,1,1,10:08:14,6
1,1,1,10:06:04,6
1,1,1,11:11:02,6
1,1,1,15:23:45,6
1,1,1,13:39:18,6
1,1,1,9:11:13,6
1,1,1,12:01:51,6
1,1,1,17:07:01,6
1,1,1,18:04:03,6
1,1,1,18:56:16,6
1,1,1,19:46:55,6
1,1,1,16:09:42,6
1,1,1,14:29:16,6
1,1,1,12:39:28,6
1,1,1,5:11:01,6
1,1,1,7:31:17,6
1,1,1,0:50:46,6
1,1,1,15:54:59,6
1,1,1,6:38:19,6
1,1,1,1:36:05,6
1,1,1,16:35:19,6
1,1,1,11:49:04,6
1,1,1,23:13:38,6
1,1,1,12:26:23,6
1,1,1,15:41:46,6
1,1,1,14:43:02,6
1,1,1,21:11:21,6
1,1,1,21:44:07,6
1,1,1,22:31:16,6
1,1,1,23:09:18,6
1,1,1,23:58:45,6
1,1,1,20:29:31,6
1,1,1,18:50:06,6
1,1,1,19:31:08,6
1,1,1,18:07:00,6
1,1,1,17:27:23,6
1,1,1,16:49:35,6
1,1,1,16:16:49,6
1,1,1,15:23:57,6
1,1,1,10:29:58,6
1,1,1,5:40:29,6
1,1,1,13:56:58,6
1,1,1,4:57:47,6
1,1,1,4:10:55,6
1,1,1,3:26:44,6
1,1,1,1:55:41,6
1,1,1,0:56:36,6
1,1,1,7:40:15,6
1,1,1,8:22:01,6
1,1,1,9:02:48,6
1,1,1,10:32:17,6
1,1,1,11:09:45,6
1,1,1,11:56:09,6
1,1,1,12:44:00,6
1,1,1,13:14:26,6
1,1,1,2:43:47,6
1,1,1,4:23:37,6
1,1,1,7:26:31,6
1,1,1,0:17:53,6
1,1,1,23:57:12,6
1,1,1,23:12:50,6
1,1,1,21:53:18,6
1,1,1,21:17:18,6
1,1,1,19:46:50,6
1,1,1,19:09:12,6
1,1,1,18:28:58,6
1,1,1,17:48:47,6
1,1,1,17:08:27,6
1,1,1,16:27:41,6
1,1,1,15:51:42,6
1,1,1,15:04:46,6
1,1,1,14:24:27,6
1,1,1,13:47:00,6
1,1,1,13:04:07,6
1,1,1,12:22:07,6
1,1,1,11:44:38,6
1,1,1,10:59:44,6
1,1,1,10:20:18,6
1,1,1,9:40:19,6
1,1,1,8:57:59,6
1,1,1,7:08:25,6
1,1,1,8:15:06,6
1,1,1,2:23:21,6
1,1,1,3:14:25,6
1,1,1,1:39:18,6
1,1,1,21:48:54,6
1,1,1,21:08:56,6
1,1,1,20:26:45,6
1,1,1,17:50:30,6
1,1,1,19:08:18,6
1,1,1,18:44:14,6
1,1,1,17:03:28,6
1,1,1,23:11:17,6
1,1,1,19:48:59,6
1,1,1,23:47:31,6
1,1,1,16:37:04,6
1,1,1,21:42:12,6
1,1,1,23:49:03,6
1,1,1,23:08:03,6
1,1,1,22:29:31,6
1,1,1,11:08:08,6
1,1,1,11:49:37,6
1,1,1,10:31:08,6
1,1,1,21:01:20,6
1,1,1,9:50:43,6
1,1,1,9:10:39,6
1,1,1,15:23:12,6
1,1,1,18:46:49,6
1,1,1,0:28:17,6
1,1,1,12:34:30,6
1,1,1,13:01:34,6
1,1,1,13:55:20,6
1,1,1,14:46:11,6
1,1,1,16:06:27,6
1,1,1,3:07:02,6
1,1,1,16:39:43,6
1,1,1,19:25:50,6
1,1,1,3:34:13,6
1,1,1,4:28:49,6
1,1,1,3:43:45,6
1,1,1,8:32:52,6
1,1,1,7:44:45,6
1,1,1,7:04:48,6
1,1,1,6:59:36,6
1,1,1,5:13:26,6
1,1,1,12:53:49,6
1,1,1,7:32:25,6
1,1,1,6:58:33,6
1,1,1,8:44:20,6
1,1,1,8:05:00,6
1,1,1,9:20:24,6
1,1,1,6:16:22,6
1,1,1,5:33:30,6
1,1,1,12:47:40,6
1,1,1,4:22:23,6
1,1,1,10:00:44,6
1,1,1,10:42:31,6
1,1,1,11:23:45,6
1,1,1,5:04:00,6
1,1,1,3:45:14,6
1,1,1,3:06:01,6
1,1,1,2:25:40,6
1,1,1,1:44:57,6
1,1,1,1:04:57,6
1,1,1,14:50:48,6
1,1,1,15:26:41,6
1,1,1,16:09:18,6
1,1,1,16:48:49,6
1,1,1,17:25:30,6
1,1,1,18:01:46,6
1,1,1,18:41:52,6
1,1,1,19:23:05,6
1,1,1,20:43:10,6
1,1,1,21:21:19,6
1,1,1,22:00:41,6
1,1,1,22:39:12,6
1,1,1,23:25:58,6
1,1,1,0:02:44,6
1,1,1,20:03:45,6
1,1,1,14:05:15,6
1,1,1,13:27:58,6
1,1,1,9:14:05,6
1,1,1,18:09:23,6
1,1,1,17:26:00,6
1,1,1,16:35:24,6
1,1,1,8:19:53,6
1,1,1,6:40:56,6
1,1,1,6:04:00,6
1,1,1,5:20:47,6
1,1,1,9:42:14,6
1,1,1,1:14:50,6
1,1,1,1:50:46,6
1,1,1,2:37:03,6
1,1,1,3:18:35,6
1,1,1,3:58:06,6
1,1,1,4:37:41,6
1,1,1,0:37:45,6
1,1,1,9:01:07,6
1,1,1,18:45:49,6
1,1,1,23:14:49,6
1,1,1,23:52:41,6
1,1,1,19:24:59,6
1,1,1,10:26:38,6
1,1,1,18:06:42,6
1,1,1,17:27:32,6
1,1,1,14:22:56,6
1,1,1,13:45:10,6
1,1,1,13:06:26,6
1,1,1,12:22:36,6
1,1,1,22:35:16,6
1,1,1,20:39:24,6
1,1,1,21:53:13,6
1,1,1,11:03:02,6
1,1,1,11:42:28,6
1,1,1,21:17:16,6
1,1,1,20:02:18,6
1,1,1,13:16:35,6
1,1,1,3:18:42,6
1,1,1,9:56:43,6
1,1,1,8:39:00,6
1,1,1,4:50:21,6
1,1,1,4:11:59,6
1,1,1,2:33:43,6
1,1,1,10:39:45,6
1,1,1,5:34:38,6
1,1,1,17:48:57,6
1,1,1,7:43:30,6
1,1,1,9:14:06,6
1,1,1,1:48:14,6
1,1,1,14:54:49,6
1,1,1,1:05:23,6
1,1,1,6:55:51,6
1,1,1,12:04:24,6
1,1,1,13:32:21,6
1,1,1,14:17:28,6
1,1,1,17:04:43,6
1,1,1,15:48:47,6
1,1,1,20:12:52,6
1,1,1,18:58:55,6
1,1,1,18:22:01,6
1,1,1,16:59:02,6
1,1,1,16:21:43,6
1,1,1,20:50:52,6
1,1,1,17:38:00,6
1,1,1,2:42:25,6
1,1,1,1:18:51,6
1,1,1,10:59:51,6
1,1,1,10:23:35,6
1,1,1,9:43:25,6
1,1,1,8:58:34,6
1,1,1,8:20:49,6
1,1,1,7:25:59,6
1,1,1,0:36:04,6
1,1,1,6:56:04,6
1,1,1,5:24:31,6
1,1,1,4:42:37,6
1,1,1,4:03:33,6
1,1,1,3:27:20,6
1,1,1,15:43:37,6
1,1,1,1:58:56,6
1,1,1,6:05:30,6
1,1,1,15:02:45,6
1,1,1,12:15:26,6
1,1,1,13:43:11,6
1,1,1,14:19:42,6
1,1,1,13:03:07,6
1,1,1,11:42:41,6
1,1,1,21:57:54,6
1,1,1,23:59:08,6
1,1,1,23:17:52,6
1,1,1,1:11:42,6
1,1,1,7:48:53,6
1,1,1,7:10:30,6
1,1,1,6:27:23,6
1,1,1,5:53:53,6
1,1,1,5:15:00,6
1,1,1,3:50:33,6
1,1,1,3:08:28,6
1,1,1,2:31:00,6
1,1,1,1:45:36,6
1,1,1,0:17:52,6
1,1,1,22:08:34,6
1,1,1,21:25:49,6
1,1,1,20:48:59,6
1,1,1,20:13:07,6
1,1,1,19:17:16,6
1,1,1,18:35:38,6
1,1,1,17:56:30,6
1,1,1,17:26:07,6
1,1,1,8:35:05,6
1,1,1,21:15:50,6
1,1,1,19:44:46,6
1,1,1,20:27:34,6
1,1,1,21:55:31,6
1,1,1,22:35:37,6
1,1,1,19:00:50,6
1,1,1,18:18:42,6
1,1,1,17:36:08,6
1,1,1,8:07:20,6
1,1,1,0:49:48,6
1,1,1,1:16:28,6
1,1,1,1:56:57,6
1,1,1,2:36:24,6
1,1,1,3:18:44,6
1,1,1,4:47:51,6
1,1,1,5:19:48,6
1,1,1,6:02:46,6
1,1,1,7:21:30,6
1,1,1,8:44:12,6
1,1,1,10:03:00,6
1,1,1,12:45:58,6
1,1,1,11:25:22,6
1,1,1,12:06:12,6
1,1,1,12:49:04,6
1,1,1,13:40:13,6
1,1,1,14:13:00,6
1,1,1,14:51:44,6
1,1,1,15:33:24,6
1,1,1,16:13:22,6
1,1,1,9:27:59,6
1,1,1,20:57:30,6
1,1,1,21:15:04,6
1,1,1,21:54:50,6
1,1,1,22:36:57,6
1,1,1,23:18:26,6
1,1,1,0:05:37,6
1,1,1,1:49:21,6
1,1,1,2:33:14,6
1,1,1,3:11:05,6
1,1,1,5:36:59,6
1,1,1,6:25:10,6
1,1,1,7:05:55,6
1,1,1,7:44:28,6
1,1,1,9:06:54,6
1,1,1,9:47:30,6
1,1,1,10:32:56,6
1,1,1,11:12:16,6
1,1,1,19:45:01,6
1,1,1,18:55:20,6
1,1,1,17:45:05,6
1,1,1,12:00:57,6
1,1,1,16:42:33,6
1,1,1,18:14:28,6
1,1,1,7:06:02,5
1,1,1,6:19:48,5
1,1,1,4:43:59,5
1,1,1,3:51:09,5
1,1,1,3:06:58,5
1,1,1,2:18:58,5
1,1,1,1:28:25,5
1,1,1,7:49:46,5
1,1,1,8:34:28,5
1,1,1,9:19:29,5
1,1,1,3:30:33,5
1,1,1,16:31:15,5
1,1,1,8:45:37,5
1,1,1,7:41:29,5
1,1,1,16:38:45,5
1,1,1,11:13:39,5
1,1,1,23:17:34,5
1,1,1,2:04:02,5
1,1,1,10:10:38,5
1,1,1,18:37:00,5
1,1,1,23:34:47,5
1,1,1,12:37:32,5
1,1,1,1:17:39,5
1,1,1,21:30:56,5
1,1,1,19:09:20,5
1,1,1,23:27:38,5
1,1,1,0:09:56,5
1,1,1,5:37:43,5
1,1,1,6:20:29,5
1,1,1,18:58:03,5
1,1,1,8:27:59,5
1,1,1,16:50:38,5
1,1,1,18:19:49,5
1,1,1,18:41:51,5
1,1,1,13:34:18,5
1,1,1,9:55:05,5
1,1,1,7:48:02,5
1,1,1,12:39:01,5
1,1,1,4:08:56,5
1,1,1,11:13:44,5
1,1,1,21:19:27,5
1,1,1,19:43:29,5
1,1,1,16:12:31,5
1,1,1,11:59:07,5
1,1,1,2:39:58,5
1,1,1,9:08:02,5
1,1,1,10:35:21,5
1,1,1,14:48:50,5
1,1,1,4:53:43,5
1,1,1,1:13:31,5
1,1,1,14:03:18,5
1,1,1,21:59:56,5
1,1,1,20:36:13,5
1,1,1,3:30:38,5
1,1,1,9:43:17,5
1,1,1,5:16:03,5
1,1,1,8:58:45,5
1,1,1,4:32:46,5
1,1,1,2:25:02,5
1,1,1,12:32:58,5
1,1,1,13:04:34,5
1,1,1,19:53:29,5
1,1,1,22:00:01,5
1,1,1,23:28:01,5
1,1,1,11:44:18,5
1,1,1,1:41:17,5
1,1,1,0:57:53,5
1,1,1,22:24:46,5
1,1,1,20:39:23,5
1,1,1,14:43:15,5
1,1,1,17:33:43,5
1,1,1,16:07:39,5
1,1,1,13:58:24,5
1,1,1,0:12:08,5
1,1,1,22:46:03,5
1,1,1,15:27:56,5
1,1,1,11:04:53,5
1,1,1,6:03:48,5
1,1,1,6:39:44,5
1,1,1,7:26:38,5
1,1,1,16:55:24,5
1,1,1,18:20:50,5
1,1,1,10:19:15,5
1,1,1,0:17:37,5
1,1,1,22:31:29,5
1,1,1,20:58:41,5
1,1,1,0:56:53,5
1,1,1,23:24:49,5
1,1,1,14:58:11,5
1,1,1,6:38:42,5
1,1,1,1:03:17,5
1,1,1,22:02:48,5
1,1,1,13:58:19,5
1,1,1,15:30:34,5
1,1,1,19:45:03,5
1,1,1,21:17:05,5
1,1,1,5:48:06,5
1,1,1,1:42:50,5
1,1,1,8:04:07,5
1,1,1,20:26:21,5
1,1,1,7:12:02,5
1,1,1,9:34:34,5
1,1,1,8:48:46,5
1,1,1,16:21:31,5
1,1,1,17:09:24,5
1,1,1,18:01:21,5
1,1,1,18:53:12,5
1,1,1,5:12:21,5
1,1,1,4:17:38,5
1,1,1,3:29:13,5
1,1,1,10:22:41,5
1,1,1,11:00:54,5
1,1,1,12:06:50,5
1,1,1,2:47:46,5
1,1,1,0:06:11,5
1,1,1,4:16:46,5
1,1,1,8:09:44,5
1,1,1,7:01:52,5
1,1,1,2:20:43,5
1,1,1,5:43:37,5
1,1,1,6:26:14,5
1,1,1,7:13:34,5
1,1,1,7:44:56,5
1,1,1,8:39:32,5
1,1,1,9:56:20,5
1,1,1,10:36:41,5
1,1,1,12:08:16,5
1,1,1,13:22:15,5
1,1,1,9:17:38,5
1,1,1,4:56:24,5
1,1,1,2:42:06,5
1,1,1,3:31:20,5
1,1,1,1:54:58,5
1,1,1,4:16:43,5
1,1,1,14:13:44,5
1,1,1,16:13:16,5
1,1,1,15:40:25,5
1,1,1,17:02:00,5
1,1,1,17:51:47,5
1,1,1,18:25:51,5
1,1,1,1:16:32,5
1,1,1,23:09:30,5
1,1,1,19:07:42,5
1,1,1,18:35:03,5
1,1,1,22:39:34,5
1,1,1,7:57:12,5
1,1,1,6:00:09,5
1,1,1,6:35:59,5
1,1,1,8:37:16,5
1,1,1,5:26:45,5
1,1,1,7:24:54,5
1,1,1,9:13:28,5
1,1,1,13:21:20,5
1,1,1,12:26:37,5
1,1,1,23:56:26,5
1,1,1,23:10:54,5
1,1,1,22:25:48,5
1,1,1,21:48:20,5
1,1,1,17:45:36,5
1,1,1,17:03:42,5
1,1,1,16:14:23,5
1,1,1,15:31:41,5
1,1,1,14:47:28,5
1,1,1,14:04:53,5
1,1,1,4:03:10,5
1,1,1,12:38:56,5
1,1,1,12:00:16,5
1,1,1,12:28:37,5
1,1,1,12:25:03,5
1,1,1,3:22:44,5
1,1,1,1:22:00,5
1,1,1,2:01:14,5
1,1,1,0:35:16,5
1,1,1,2:45:25,5
1,1,1,13:59:06,5
1,1,1,8:40:16,5
1,1,1,13:18:15,5
1,1,1,12:41:07,5
1,1,1,11:58:00,5
1,1,1,11:20:02,5
1,1,1,10:39:07,5
1,1,1,10:04:03,5
1,1,1,9:21:11,5
1,1,1,8:00:33,5
1,1,1,2:29:35,5
1,1,1,6:44:01,5
1,1,1,5:57:13,5
1,1,1,5:18:19,5
1,1,1,4:35:23,5
1,1,1,3:51:23,5
1,1,1,3:08:17,5
1,1,1,1:49:12,5
1,1,1,1:07:21,5
1,1,1,0:31:04,5
1,1,1,14:36:15,5
1,1,1,7:21:20,5
1,1,1,15:15:33,5
1,1,1,16:38:06,5
1,1,1,23:48:46,5
1,1,1,22:27:55,5
1,1,1,21:54:03,5
1,1,1,21:02:25,5
1,1,1,19:14:39,5
1,1,1,18:35:20,5
1,1,1,17:53:52,5
1,1,1,15:56:42,5
1,1,1,17:15:27,5
1,1,1,0:04:06,5
1,1,1,0:28:19,5
1,1,1,22:15:23,5
1,1,1,21:35:17,5
1,1,1,20:55:32,5
1,1,1,20:06:04,5
1,1,1,18:32:52,5
1,1,1,22:57:57,5
1,1,1,23:34:13,5
1,1,1,0:11:45,5
1,1,1,7:44:18,5
1,1,1,8:25:53,5
1,1,1,9:05:57,5
1,1,1,9:47:17,5
1,1,1,10:27:10,5
1,1,1,13:10:42,5
1,1,1,11:47:29,5
1,1,1,12:29:51,5
1,1,1,7:03:11,5
1,1,1,11:15:34,5
1,1,1,6:24:57,5
1,1,1,5:04:55,5
1,1,1,4:21:14,5
1,1,1,3:46:43,5
1,1,1,2:59:06,5
1,1,1,0:56:32,5
1,1,1,1:40:19,5
1,1,1,2:10:20,5
1,1,1,5:41:28,5
1,1,1,14:19:14,5
1,1,1,15:01:48,5
1,1,1,15:37:16,5
1,1,1,16:17:17,5
1,1,1,17:01:23,5
1,1,1,18:21:55,5
1,1,1,19:04:26,5
1,1,1,19:48:23,5
1,1,1,13:40:39,5
1,1,1,20:18:12,5
1,1,1,21:38:13,5
1,1,1,22:16:15,5
1,1,1,22:55:07,5
1,1,1,23:38:24,5
1,1,1,12:59:51,5
1,1,1,5:42:11,4
1,1,1,22:29:29,4
1,1,1,17:38:53,4
1,1,1,18:51:07,4
1,1,1,22:47:11,4
1,1,1,9:17:15,4
1,1,1,8:06:38,4
1,1,1,9:46:21,4
1,1,1,3:00:14,4
1,1,1,4:35:49,4
1,1,1,10:46:49,4
1,1,1,2:47:31,4
1,1,1,4:04:07,4
1,1,1,1:46:49,4
1,1,1,22:40:07,4
1,1,1,15:42:07,4
1,1,1,7:24:25,4
1,1,1,20:41:57,4
1,1,1,16:21:39,4
1,1,1,4:45:46,4
1,1,1,5:13:57,4
1,1,1,4:14:38,4
1,1,1,5:57:45,4
1,1,1,9:31:03,4
1,1,1,7:17:24,4
1,1,1,0:03:50,4
1,1,1,23:18:04,4
1,1,1,22:36:05,4
1,1,1,21:54:47,4
1,1,1,21:12:55,4
1,1,1,20:27:43,4
1,1,1,19:52:21,4
1,1,1,18:32:14,4
1,1,1,17:51:31,4
1,1,1,17:03:01,4
1,1,1,6:31:17,4
1,1,1,16:27:29,4
1,1,1,15:07:00,4
1,1,1,14:27:07,4
1,1,1,13:45:11,4
1,1,1,13:04:08,4
1,1,1,12:11:50,4
1,1,1,11:39:26,4
1,1,1,10:14:17,4
1,1,1,8:48:41,4
1,1,1,7:53:04,4
1,1,1,15:46:51,4
1,1,1,19:14:55,4
1,1,1,4:51:59,4
1,1,1,3:54:08,4
1,1,1,15:54:15,4
1,1,1,15:06:20,4
1,1,1,14:17:14,4
1,1,1,13:29:24,4
1,1,1,12:35:01,4
1,1,1,19:59:28,4
1,1,1,16:06:31,4
1,1,1,17:09:25,4
1,1,1,17:40:28,4
1,1,1,18:21:42,4
1,1,1,19:06:22,4
1,1,1,22:38:00,4
1,1,1,23:06:29,4
1,1,1,23:42:38,4
1,1,1,9:54:03,4
1,1,1,17:20:19,4
1,1,1,14:44:16,4
1,1,1,14:03:02,4
1,1,1,13:20:04,4
1,1,1,12:32:30,4
1,1,1,11:50:31,4
1,1,1,11:10:38,4
1,1,1,7:08:37,4
1,1,1,6:29:06,4
1,1,1,5:40:18,4
1,1,1,4:57:59,4
1,1,1,4:16:30,4
1,1,1,3:37:55,4
1,1,1,2:53:36,4
1,1,1,2:10:35,4
1,1,1,1:23:04,4
1,1,1,0:42:14,4
1,1,1,9:10:59,4
1,1,1,7:45:04,4
1,1,1,8:22:28,4
1,1,1,10:29:34,4
1,1,1,13:45:22,4
1,1,1,12:32:10,4
1,1,1,11:45:09,4
1,1,1,11:05:29,4
1,1,1,10:24:01,4
1,1,1,9:48:45,4
1,1,1,8:33:56,4
1,1,1,13:05:35,4
1,1,1,8:59:13,4
1,1,1,19:07:57,4
1,1,1,0:27:11,4
1,1,1,17:41:13,4
1,1,1,17:00:52,4
1,1,1,16:22:16,4
1,1,1,15:03:42,4
1,1,1,14:24:17,4
1,1,1,8:30:45,4
1,1,1,7:23:00,4
1,1,1,6:20:27,4
1,1,1,6:17:25,4
1,1,1,4:19:33,4
1,1,1,3:45:54,4
1,1,1,3:00:03,4
1,1,1,2:20:52,4
1,1,1,1:42:34,4
1,1,1,1:00:56,4
1,1,1,20:30:59,4
1,1,1,21:54:21,4
1,1,1,21:14:00,4
1,1,1,19:47:10,4
1,1,1,18:20:58,4
1,1,1,0:21:58,4
1,1,1,23:42:46,4
1,1,1,22:16:28,4
1,1,1,21:37:40,4
1,1,1,20:54:35,4
1,1,1,19:44:14,4
1,1,1,19:06:43,4
1,1,1,18:19:59,4
1,1,1,17:45:48,4
1,1,1,9:23:00,4
1,1,1,8:43:01,4
1,1,1,7:50:20,4
1,1,1,7:05:24,4
1,1,1,6:41:32,4
1,1,1,5:41:14,4
1,1,1,5:03:08,4
1,1,1,2:38:11,4
1,1,1,1:52:44,4
1,1,1,1:03:58,4
1,1,1,19:18:58,4
1,1,1,3:59:24,4
1,1,1,7:04:45,4
1,1,1,6:20:12,4
1,1,1,5:30:44,4
1,1,1,5:00:05,4
1,1,1,3:12:02,4
1,1,1,2:25:07,4
1,1,1,1:39:34,4
1,1,1,0:53:04,4
1,1,1,14:40:01,4
1,1,1,13:50:56,4
1,1,1,15:28:37,4
1,1,1,17:07:22,4
1,1,1,20:50:24,4
1,1,1,22:37:08,4
1,1,1,23:26:22,4
1,1,1,0:13:39,4
1,1,1,16:17:56,4
1,1,1,0:53:58,4
1,1,1,4:49:57,4
1,1,1,4:10:00,4
1,1,1,3:14:51,4
1,1,1,2:24:14,4
1,1,1,1:44:08,4
1,1,1,6:18:16,4
1,1,1,7:05:30,4
1,1,1,18:00:45,3
1,1,1,14:12:29,3
1,1,1,15:46:31,3
1,1,1,19:40:00,3
1,1,1,21:11:52,3
1,1,1,14:59:52,3
1,1,1,20:35:13,3
1,1,1,22:02:33,3
1,1,1,16:43:51,3
1,1,1,17:20:36,3
1,1,1,18:50:55,3
1,1,1,22:47:04,3
1,1,1,23:33:40,3
1,1,1,0:20:12,3
1,1,1,10:25:45,3
1,1,1,7:05:21,3
1,1,1,21:30:33,3
1,1,1,18:32:49,3
1,1,1,15:41:04,3
1,1,1,1:52:12,3
1,1,1,5:07:19,3
1,1,1,3:08:39,3
1,1,1,3:46:57,3
1,1,1,4:24:39,3
1,1,1,5:50:00,3
1,1,1,6:27:07,3
1,1,1,7:05:37,3
1,1,1,2:25:41,3
1,1,1,5:46:09,3
1,1,1,8:23:27,3
1,1,1,7:25:24,3
1,1,1,6:39:20,3
1,1,1,14:49:21,3
1,1,1,20:11:30,3
1,1,1,16:20:02,3
1,1,1,12:19:57,3
1,1,1,15:51:48,3
1,1,1,11:43:15,3
1,1,1,17:53:20,3
1,1,1,18:34:12,3
1,1,1,19:23:23,3
1,1,1,20:56:24,3
1,1,1,21:41:25,3
1,1,1,22:27:42,3
1,1,1,0:07:40,3
1,1,1,23:24:04,3
1,1,1,4:56:48,3
1,1,1,3:20:27,3
1,1,1,13:12:41,3
1,1,1,4:08:12,3
1,1,1,2:35:45,3
1,1,1,1:48:12,3
1,1,1,1:00:24,3
1,1,1,0:13:59,3
1,1,1,21:58:47,3
1,1,1,8:16:20,3
1,1,1,10:22:47,2
1,1,1,15:43:43,2
1,1,1,4:20:48,2
1,1,1,3:01:29,2
1,1,1,21:18:38,2
1,1,1,20:35:35,2
1,1,1,5:21:47,2
1,1,1,18:59:02,2
1,1,1,10:10:08,2
1,1,1,10:34:46,2
1,1,1,8:36:10,2
1,1,1,1:11:09,2
1,1,1,23:28:52,2
1,1,1,22:41:58,2
1,1,1,18:45:21,2
1,1,1,21:07:52,2
1,1,1,20:17:49,2
1,1,1,19:36:15,2
1,1,1,18:00:20,2
1,1,1,21:53:08,2
1,1,1,17:11:46,2
1,1,1,16:22:28,2
1,1,1,13:17:22,2
1,1,1,14:53:12,2
1,1,1,7:50:53,2
1,1,1,8:25:28,2
1,1,1,10:03:10,2
1,1,1,10:47:40,2
1,1,1,11:37:03,2
1,1,1,12:22:53,2
1,1,1,14:04:47,2
1,1,1,15:42:14,2
1,1,1,15:52:14,1
1,1,1,15:28:38,1
1,1,1,9:43:27,1
1,1,1,12:07:47,1
1,1,1,7:36:51,1
1,1,1,15:29:51,1
1,1,1,22:31:26,1
1,1,1,6:39:21,1
1,1,1,15:48:22,1
1,1,1,22:05:25,1
1,1,1,10:01:25,1
1,1,1,10:02:58,1
1,1,1,1:03:37,1
1,1,1,19:41:08,1
1,1,1,18:14:08,1
1,1,1,11:57:04,1
1,1,1,21:21:11,1
1,1,1,14:01:19,1
